shopify_id,handle,name,slug,sku,brand,type,shopify_type,category,category_source,description_source,short_description,currency,regular_price,sale_price,available,options,variants_count,variant_skus,variant_prices,images_count,featured_image,tags,description_length,anomalies,source_file
8740340596991,bp10-battery,Buture Ersatzakku für BP10 Vakuum,bp10-battery,,Buture Official,variable,Zubehör,Staubsaugerzubehör,jsonld,full,Verbessern Sie die Reinigungsmöglichkeiten Ihres BP10 Akku-Staubsauger mit diesem Akkuaufsatz. Keine Unterbrechungen mehr während der Reinigung!,USD,129.99,69.99,True,Packungen,3,BP10DC1; BP10DC2; BP10DC1HP3,69.99; 89.99; 80.99,3,https://ibuture.com/cdn/shop/files/9_0541ab7b-e847-492f-8294-b1af6beeb7dd.jpg?v=1775202456,Accessories,39,,site/de/products/bp10-battery/index.html
8759284793599,bp10-hepa-filter,Buture HEPA-Filter für BP10 Vakuum,bp10-hepa-filter,,Buture Official,variable,Zubehör,Staubsaugerzubehör,jsonld,full,Steigern Sie die Leistung Ihres Buture BP10 Staubsauger mit diesen hochwertigen HEPA-Filtern. Halten Sie Ihr Zuhause sauber und allergenfrei.,USD,49.99,29.99,True,Packungen,4,BP10HP3; BP10HP6; BP10HP9; BP10DC1HP3,29.99; 49.99; 69.99; 80.99,3,https://ibuture.com/cdn/shop/files/3_6774a859-5b70-46fc-bd43-ac83e21b8e39.jpg?v=1742802789,Accessories,176,,site/de/products/bp10-hepa-filter/index.html
8774421512447,bp10-roller-brush,Buture Walzenbürste für BP10 Vakuum,bp10-roller-brush,,Buture Official,variable,Zubehör,Staubsaugerzubehör,jsonld,full,Verbessern Sie die Reinigungseffizienz mit dem BP10 Staubbecheraufsatz für Akku-Staubsauger. Ein Muss für die einfache Staubentfernung.,USD,39.99,20.99,True,Material | Packungen,4,BP10GSY1; BP10GSY2; BP10GSR1; BP10GSR2,20.99; 36.99; 20.99; 35.99,2,https://ibuture.com/cdn/shop/files/8_d5d6c50c-2160-4af7-a4cc-d4f119b5851a.jpg?v=1742802774,Accessories,336,,site/de/products/bp10-roller-brush/index.html
8917822603519,bp20-cordless-vacuum-cleaner,Buture BP20 ZeroTangle Haustier-Akku-Staubsauger | 600W 55KPA,bp20-cordless-vacuum-cleaner,BP20,Buture Official,simple,Staubsauger,Staubsauger,jsonld,full,"Erleben Sie kraftvolle Reinigung mit dem Buture BP20 Akku-Staubsauger. Ultimative Saugkraft, selbststehendes Design, intelligente Funktionen und vielseitige Reinigungsmodi.",USD,379.99,179.99,True,,1,BP20,179.99,10,https://ibuture.com/cdn/shop/files/Buture_BP20_Vacuum_Cleaner.jpg?v=1744257758,Cordless Vaccum,3866,,site/de/products/bp20-cordless-vacuum-cleaner/index.html
8935829045503,bp20-vacuum-2-in-1-brush,Buture 2-in-1-Bürste für BP20 Vakuum,bp20-vacuum-2-in-1-brush,BP20EH,Buture Official,simple,Zubehör,Staubsaugerzubehör,jsonld,meta_fallback,Erleben Sie eine nahtlose Reinigung mit dem Buture BP20 Akku-Staubsauger. Der 2-in-1-Bürstenaufsatz macht das Aufräumen zum Kinderspiel.,USD,29.99,18.99,True,,1,BP20EH,18.99,2,https://ibuture.com/cdn/shop/files/2_1_3eb77384-11c0-4f8c-942d-3ffa66dea986-187299.jpg?v=1742802599,Accessories,136,,site/de/products/bp20-vacuum-2-in-1-brush/index.html
8935827538175,bp20-vacuum-battery,Buture Ersatzakku für BP20 Vakuum,bp20-vacuum-battery,,Buture Official,variable,Zubehör,Staubsaugerzubehör,jsonld,meta_fallback,"Erleben Sie eine problemlose Reinigung mit dem Buture BP20 Staubsauger, angetrieben von einem langlebigen Akku für kontinuierliche Saugleistung.",USD,149.99,69.99,True,Packungen,3,BP20DC1; BP20DC2; BP20DC1HP3,69.99; 89.99; 80.99,3,https://ibuture.com/cdn/shop/files/1_65a4e908-0412-4c4c-add8-b0fda324870a-185350.jpg?v=1775202145,Accessories,144,,site/de/products/bp20-vacuum-battery/index.html
8935829930239,bp20-vacuum-crevice-nozzle,Buture Fugendüse für BP20 Vakuum,bp20-vacuum-crevice-nozzle,BP20CBX,Buture Official,simple,Zubehör,Staubsaugerzubehör,jsonld,meta_fallback,Reinigen Sie enge Räume mühelos mit dem BP20 Fugendüsenaufsatz für Akku-Staubsauger. Rüsten Sie jetzt Ihr Reinigungsspiel auf!,USD,39.99,19.99,True,,1,BP20CBX,19.99,2,https://ibuture.com/cdn/shop/files/2a6410117d02a3cf8180dd250a4fc284-415898.jpg?v=1742802595,Accessories,126,,site/de/products/bp20-vacuum-crevice-nozzle/index.html
8935830257919,bp20-vacuum-dust-cup,Buture Staubbecher für BP20 Vakuum,bp20-vacuum-dust-cup,,Buture Official,variable,Zubehör,Staubsaugerzubehör,jsonld,meta_fallback,Halten Sie Ihr Zuhause sauber und staubfrei Buture BP20 Praktische Staubbecherfunktion zum Staubsaugen. Einfache und effiziente Reinigung per Knopfdruck.,USD,49.99,22.99,True,Packs,3,BP20CB1; BP20BXG1CB1; BP20ZJ1CB1,22.99; 40.99; 80.99,4,https://ibuture.com/cdn/shop/files/9c8727a0f1a1c1bc27701a53504fb0a4.jpg?v=1742802591,Accessories,153,,site/de/products/bp20-vacuum-dust-cup/index.html
8935829864703,bp20-vacuum-floor-brush,Buture Bodenbürste für BP20 Vakuum,bp20-vacuum-floor-brush,,Buture Official,variable,Zubehör,Staubsaugerzubehör,jsonld,meta_fallback,Verbessern Sie Ihr Reinigungserlebnis mit dem BP20 Akku-Staubsauger. Für eine mühelose und effiziente Reinigung lässt sich die Bodenbürste einfach anbringen.,USD,69.99,36.99,True,Packungen,3,BP20DS1; BP20DS2; BP20DS1GS1,36.99; 59.99; 55.99,3,https://ibuture.com/cdn/shop/files/34ee73f065ccb5d43a4751c960e8908c_4d5e7cd1-3503-492d-a1f5-4b26c3dbe75a-929178.jpg?v=1774000127,Accessories,157,,site/de/products/bp20-vacuum-floor-brush/index.html
8935830388991,bp20-vacuum-hepa-filter,Buture HEPA-Filter für BP20 Vakuum,bp20-vacuum-hepa-filter,,Buture Official,variable,Zubehör,Staubsaugerzubehör,jsonld,full,Halten Sie Ihr Zuhause frei von Staub und Allergenen Buture BP20 Staubsauger mit leistungsstarkem HEPA-Filter für maximale Luftreinigung.,USD,58.99,29.99,True,Packungen,4,BP20HP3; BP20HP6; BP20HP9; BP20DC1HP3,29.99; 49.99; 69.99; 80.99,5,https://ibuture.com/cdn/shop/files/3_b64b493d-41c4-4ab4-b6c2-ad8d4575bf14.jpg?v=1742802589,Accessories,125,,site/de/products/bp20-vacuum-hepa-filter/index.html
8935830520063,bp20-vacuum-main-body,Buture Hauptteil für BP20 Vakuum,bp20-vacuum-main-body,,Buture Official,variable,Zubehör,Staubsauger,jsonld,meta_fallback,"Verbessern Sie Ihr Reinigungserlebnis mit dem BP20 Kabelloser Staubsauger-Hauptkörperaufsatz, konzipiert für maximale Effizienz und Komfort.",USD,109.99,62.99,True,Packs,2,BP20ZJ1; BP20ZJ1CB1,62.99; 80.99,3,https://ibuture.com/cdn/shop/files/305c82587b54194c7639f4db7db3db9c_399a4c71-48a0-4da0-b5da-eafd24cdc93d-584508.jpg?v=1742802586,Accessories,140,,site/de/products/bp20-vacuum-main-body/index.html
8935830094079,bp20-vacuum-roller-brush,Buture Walzenbürste für BP20 Vakuum,bp20-vacuum-roller-brush,,Buture Official,variable,Zubehör,Staubsaugerzubehör,jsonld,meta_fallback,Reinigen Sie mühelos jede Oberfläche mit dem BP20 Akku-Staubsauger und sein Rollenbürstenaufsatz. Halten Sie Ihr Zuhause mühelos makellos.,USD,42.99,20.99,True,Packungen,3,BP20GS1; BP20GS2; BP20DS1GS1,20.99; 36.99; 55.99,3,https://ibuture.com/cdn/shop/files/S_1-377675.jpg?v=1742802592,Accessories,138,,site/de/products/bp20-vacuum-roller-brush/index.html
8935830487295,bp20-vacuum-stainless-steel-filter,Buture Edelstahlfilter für BP20 Vakuum,bp20-vacuum-stainless-steel-filter,,Buture Official,variable,Zubehör,Staubsaugerzubehör,jsonld,meta_fallback,Verbessern Sie Ihr Reinigungsspiel mit dem Buture BP20 Akku-Staubsauger. Ausgestattet mit einem Filteraufsatz aus Edelstahl für eine starke Saugkraft.,USD,39.99,20.99,True,Packs,2,BP20BXG1; BP20BXG1CB1,20.99; 40.99,3,https://ibuture.com/cdn/shop/files/17ef7527e1ad424c8d4ca7891866f00b-766684.jpg?v=1742802588,Accessories,150,,site/de/products/bp20-vacuum-stainless-steel-filter/index.html
8935830028543,bp20-vacuum-telescopic-tube,Buture Teleskoprohr für BP20 Vakuum,bp20-vacuum-telescopic-tube,BP20SS,Buture Official,simple,Zubehör,Staubsaugerzubehör,jsonld,meta_fallback,Kraftvoll BP20 Akku-Staubsauger mit Teleskoprohraufsatz zum einfachen Erreichen hoher und tiefer Bereiche. Effiziente Reinigung leicht gemacht.,USD,39.99,23.99,True,,1,BP20SS,23.99,2,https://ibuture.com/cdn/shop/files/4d6eef88695dd37b2fd0b1521d8b04ed-162198.jpg?v=1742802594,Accessories,143,,site/de/products/bp20-vacuum-telescopic-tube/index.html
8935829635327,bp20-vacuum-wall-mount,Buture Wandhalterung für BP20 Vakuum,bp20-vacuum-wall-mount,BP20BG,Buture Official,simple,Zubehör,Staubsaugerzubehör,jsonld,meta_fallback,Halten Sie Ihre Böden sauber und aufgeräumt Buture BP20 Akku-Staubsauger mit praktischer Wandhalterung.,USD,39.99,20.99,True,,1,BP20BG,20.99,2,https://ibuture.com/cdn/shop/files/348a501e38ce174d8f5b1b9a9af63b25_38357524-a160-48d6-a966-6e52f92784ad-142594.jpg?v=1742802598,Accessories,103,,site/de/products/bp20-vacuum-wall-mount/index.html
8844436242687,buture-10-gift-card,Buture Geschenkkarte im Wert von 10 $,buture-10-gift-card,GC10,Buture Official,simple,,Geschenkgutscheine,jsonld,meta_fallback,Schenken Sie die Wahl mit einem Buture Geschenkkarte im Wert von 10 $. Perfekt für jeden Anlass und überall einlösbar Buture Produkte.,USD,10.0,,True,Wert,1,GC10,10.0,1,https://ibuture.com/cdn/shop/files/Buture___10_7f2945d3-dade-4d3f-9e28-834b08cf1978-686732.jpg?v=1732011360,,134,,site/de/products/buture-10-gift-card/index.html
8909842055423,buture-100-gift-card,Buture Geschenkkarte im Wert von 100 $,buture-100-gift-card,,Buture Official,simple,,Geschenkgutscheine,jsonld,meta_fallback,"Dies ist unser besonderes Weihnachtsgeschenk im Wert von 100 $ für jedes Produkt, das Ihr Weihnachtseinkaufserlebnis bereichern soll!",USD,100.0,,True,Wert,1,,100.0,1,https://ibuture.com/cdn/shop/files/Buture___100-983816.jpg?v=1732011295,,133,,site/de/products/buture-100-gift-card/index.html
9170330714367,buture-2-in-1-brush-for-jr300-vacuum,Buture 2-in-1-Bürste für JR300 Staubsauger,buture-2-in-1-brush-for-jr300-vacuum,,Buture Official,variable,Accessories,Staubsaugerzubehör,jsonld,none,,USD,29.99,18.99,True,Packungen,2,JR300EH; JR300EH2,18.99; 25.99,1,https://ibuture.com/cdn/shop/files/12_f26b17db-9686-4350-823d-1a07e981cd44.jpg?v=1754278289,Accessories,0,missing_description,site/de/products/buture-2-in-1-brush-for-jr300-vacuum/index.html
9170323636479,buture-2-in-1-brush-for-vc10-vacuum,Buture 2-in-1-Bürste für VC10 Staubsauger,buture-2-in-1-brush-for-vc10-vacuum,,Buture Official,variable,Accessories,Staubsaugerzubehör,jsonld,none,,USD,29.99,18.99,True,Packungen,2,VC10EH; VC10EH2,18.99; 25.99,1,https://ibuture.com/cdn/shop/files/1_d0cd38fe-1a9e-4dd0-90c9-77f70447e6c8.jpg?v=1754278119,Accessories,0,missing_description,site/de/products/buture-2-in-1-brush-for-vc10-vacuum/index.html
9172995342591,buture-2-in-1-brush-for-vc90-vacuum,Buture 2-in-1-Bürste für VC90 Staubsauger,buture-2-in-1-brush-for-vc90-vacuum,VC90EH,Buture Official,simple,Zubehör,Staubsaugerzubehör,jsonld,meta_fallback,Erleben Sie eine nahtlose Reinigung mit dem Buture VC90 Akku-Staubsauger. Der 2-in-1-Bürstenaufsatz macht das Aufräumen zum Kinderspiel.,USD,29.99,18.99,True,,1,VC90EH,18.99,2,https://ibuture.com/cdn/shop/files/Buture_VC90_cordless_vacuum_cleaner_2-in-1_brush-tuya1.webp?v=1754535556,Accessories,136,,site/de/products/buture-2-in-1-brush-for-vc90-vacuum/index.html
8825487425791,buture-20-gift-card,Buture Geschenkkarte im Wert von 20 $,buture-20-gift-card,GC20,Buture Official,simple,,Geschenkgutscheine,jsonld,meta_fallback,Schenken Sie die Wahl mit einem Buture Geschenkkarte im Wert von 20 $. Perfekt für jeden Anlass und überall einlösbar Buture Produkte.,USD,20.0,,True,Wert,1,GC20,20.0,1,https://ibuture.com/cdn/shop/files/Buture___20-870680.jpg?v=1732011295,,134,,site/de/products/buture-20-gift-card/index.html
8904136655103,buture-5-gift-card,Buture Geschenkkarte im Wert von 5 $,buture-5-gift-card,GC5,Buture Official,simple,,Geschenkgutscheine,jsonld,meta_fallback,"Dies ist unser besonderes Weihnachtsgeschenk im Wert von 5 $ für jedes Produkt, das Ihr Weihnachtseinkaufserlebnis bereichern soll!",USD,5.0,,True,Wert,1,GC5,5.0,1,https://ibuture.com/cdn/shop/files/Buture___5-960804.jpg?v=1732011295,,131,,site/de/products/buture-5-gift-card/index.html
8825618333951,buture-50-gift-card,Buture Geschenkkarte im Wert von 50 $,buture-50-gift-card,GC50,Buture Official,simple,,Geschenkgutscheine,jsonld,meta_fallback,Schenken Sie die Wahl mit einem Buture Geschenkkarte im Wert von 50 $. Perfekt für jeden Anlass und überall einlösbar Buture Produkte.,USD,50.0,,True,Wert,1,GC50,50.0,1,https://ibuture.com/cdn/shop/files/Buture___50-362119.jpg?v=1732011383,,134,,site/de/products/buture-50-gift-card/index.html
8869220548863,buture-beta06-jump-starter,"Buture Beta06 5000A Starthilfe mit Reifenauffüller丨23800mAh lange Standby-Zeit, 160W DC-Ausgang",buture-beta06-jump-starter,Beta06,Buture Official,simple,Starthilfe,Kfz-Starthilfen,jsonld,full,Entdecken Sie die ultimative tragbare Auto-Starthilfe mit integriertem Luftkompressor. Mit 5000 A Spitzenstrom zum Starten leerer Batterien und einem 150 PSI Turbolader für schnelles Aufpumpen der Reifen.,USD,199.99,109.99,True,,1,Beta06,109.99,8,https://ibuture.com/cdn/shop/files/buture-beta06-car-jump-starter.jpg?v=1748243508,Jump Starter,8570,,site/de/products/buture-beta06-jump-starter/index.html
8948241596671,buture-beta07-car-jump-starter,"【Top-Bewertet】Buture Beta07 Auto Starthilfe 6000A丨160PSI Intelligentes Aufpumpen, PD45W Schnellladung",buture-beta07-car-jump-starter,Beta07,Buture Official,simple,Starthilfe,Kfz-Starthilfen,jsonld,full,"Die Buture Beta07 ist ein tragbares Starthilfegerät mit 160-PSI-Luftkompressor, das eine extreme Leistung von 6000 A zum Starthilfen für alle Benzin- und 12,0-Liter-Dieselmotoren liefert.",USD,219.99,129.99,True,,1,Beta07,129.99,10,https://ibuture.com/cdn/shop/files/buture-beta07-powerful-car-jump-starter_70d36e9f-a59d-4a49-97ed-986d213391b8.jpg?v=1760337870,Jump Starter,4660,,site/de/products/buture-beta07-car-jump-starter/index.html
9018257768703,buture-beta08-jump-starter,"Buture Beta08 Auto-Starthilfe 3000A丨Kompakte Größe, Flugreisenfreundlich",buture-beta08-jump-starter,Beta08,Buture Official,simple,Starthilfe,Kfz-Starthilfen,jsonld,full,"Die Buture Beta08 ist eine tragbare Auto-Starthilfe mit 3000 Ampere für 12-V-Batterien bis zu 9,0-Liter-Benzin- und 8,5-Liter-Dieselmotoren, die stark genug ist, um ein Auto, ein Boot, einen LKW und mehr zu starten.",USD,169.99,69.99,True,,1,Beta08,69.99,7,https://ibuture.com/cdn/shop/files/buture-beta08-car-jump-starter-3000A.webp?v=1747910489,Jump Starter,5302,,site/de/products/buture-beta08-jump-starter/index.html
9332577665279,buture-beta09-car-jump-starter,"【Neuankömmlinge】Buture Beta09 Starthilfe mit Luftkompressor丨8000A Leistungsstarker Start, 16-in-1 Pannenhilfekit",buture-beta09-car-jump-starter,Beta09,Buture Official,simple,Starthilfe,Kfz-Starthilfen,jsonld,full,"Entdecken Sie die Buture Beta09, eine All-in-One-Starthilfe und Powerbank mit Schnellladung, Reifendruck, LED-Notbeleuchtung und seitlich angebrachtem Sicherheitshammer. Kompakt und langlebig, sorgt es dafür, dass Sie auf jeder Reise mit Strom versorgt und sicher sind.",USD,259.99,109.99,True,Titel,1,Beta09,109.99,10,https://ibuture.com/cdn/shop/files/buture-beta09-car-jump-starter-pp1.jpg?v=1773314507,,7947,,site/de/products/buture-beta09-car-jump-starter/index.html
8647830569215,buture-cordless-vacuum-cleaner-bp10,Buture BP10 Akku-Staubsauger | 450W 38KPA,buture-cordless-vacuum-cleaner-bp10,BP10,Buture Official,simple,Staubsauger,Staubsauger,jsonld,full,"Buture Profi BP10 ist ein hervorragender kabelloser Staubsauger für Hartholzböden mit leistungsstarker Saugleistung von 450 W/38 kPa, leisem 68-dB-Betrieb und intelligenten Moduseinstellungen.",USD,359.99,149.99,True,,1,BP10,149.99,10,https://ibuture.com/cdn/shop/files/Buture_BP10_Cordless_Vacuum_Cleaner.jpg?v=1745827233,Cordless Vaccum,5297,,site/de/products/buture-cordless-vacuum-cleaner-bp10/index.html
7605940879615,buture-cordless-vacuum-cleaner-jr400,Buture JR400 Akku-Staubsauger | 400W 38KPA,buture-cordless-vacuum-cleaner-jr400,JR400,Buture Official,simple,Staubsauger,Staubsauger,jsonld,full,"Leistungsstark und praktisch, Buture Der tragbare Teppichreiniger JR400 eignet sich perfekt für Teppiche mit niedrigem Flor. Mit diesem kabellosen Staubsauger können Sie ganz einfach Staub und Schmutz entfernen.",USD,309.99,139.99,True,,1,JR400,139.99,10,https://ibuture.com/cdn/shop/products/buture-jr400-stick-vacuum-cleaner.jpg?v=1747903090,Cordless Vaccum,3143,,site/de/products/buture-cordless-vacuum-cleaner-jr400/index.html
8647912259839,buture-cordless-vacuum-cleaner-jr700-blue,Buture JR700 Blue Akku-Staubsauger | 550W 45KPA,buture-cordless-vacuum-cleaner-jr700-blue,JR700B,Buture Official,simple,Staubsauger,Staubsauger,jsonld,full,"Erleben Sie müheloses Reinigen mit dem Buture JR700 Blue Akku-Staubsauger. Kraftvoll und elegant, beseitigt es mühelos Tierhaare und Schmutz.",USD,359.99,150.99,True,,1,JR700B,150.99,9,https://ibuture.com/cdn/shop/files/Buture_JR700_Blue_Vacuum_Cleaner.jpg?v=1745918968,Cordless Vaccum,7255,,site/de/products/buture-cordless-vacuum-cleaner-jr700-blue/index.html
8144517005567,buture-cordless-vacuum-cleaner-jr700-red,Buture JR700 Roter Akku-Staubsauger | 500W 45KPA,buture-cordless-vacuum-cleaner-jr700-red,JR700R,Buture Official,simple,Staubsauger,Staubsauger,jsonld,full,"Leiser Betrieb, leistungsstarker 500-W-Motor, verbesserter Touchscreen, 55 Minuten Laufzeit – der kabellose Akku-Staubsauger JR700 bekämpft Tierhaare und hartnäckige Verschmutzungen.",USD,359.99,79.99,True,,1,JR700R,79.99,9,https://ibuture.com/cdn/shop/files/Buture_JR700_Red_Vacuum_Cleaner.jpg?v=1745921504,Cordless Vaccum,4099,,site/de/products/buture-cordless-vacuum-cleaner-jr700-red/index.html
8124591997183,buture-cordless-vacuum-cleaner-vc50-red,Buture VC50 Red Akku-Staubsauger | 450W 33KPA,buture-cordless-vacuum-cleaner-vc50-red,VC50R,Buture Official,simple,Staubsauger,Staubsauger,jsonld,full,"Entdecken Sie die nächste Reinigungsstufe mit dem kabellosen Staubsauger BuTure VC50. Mit automatisch einstellbarer Saugkraft für nahtlose Übergänge zwischen Teppich- und Hartböden und einer praktischen Dockingstation für müheloses Aufladen. Mit intelligenter Touchscreen-Steuerung, mehrschichtiger Filterung und vielseitigen Reinigungsmodi ist es die ultimative Lösung für Tierhaare, Teppiche und Hartböden.",USD,329.99,145.99,True,,1,VC50R,145.99,8,https://ibuture.com/cdn/shop/files/Buture_VC50_Red-Vacuum_Cleaner.jpg?v=1745917317,Cordless Vaccum,2498,,site/de/products/buture-cordless-vacuum-cleaner-vc50-red/index.html
7912231207167,buture-cordless-vacuum-cleaner-vc50,Buture VC50 Blue Akku-Staubsauger | 450W 33KPA,buture-cordless-vacuum-cleaner-vc50,VC50B,Buture Official,simple,Staubsauger,Staubsauger,jsonld,full,Erleben Sie eine starke Saugleistung und eine lange Akkulaufzeit mit dem Buture Akku-Staubsauger VC50. Reinigen Sie mühelos jede Ecke Ihres Hauses und Ihres Autos.,USD,329.99,145.99,True,,1,VC50B,145.99,8,https://ibuture.com/cdn/shop/files/Buture_VC50_Blue-Vacuum_Cleaner.jpg?v=1745900282,Cordless Vaccum,5067,,site/de/products/buture-cordless-vacuum-cleaner-vc50/index.html
8648025899263,buture-cordless-vacuum-cleaner-vc60,Buture VC60 Akku-Staubsauger | 450W 38KPA,buture-cordless-vacuum-cleaner-vc60,VC60,Buture Official,simple,Staubsauger,Staubsauger,jsonld,full,"Entdecken Sie die Buture Der kabellose Staubsauger VC60 verfügt über einen leistungsstarken bürstenlosen 450-W-Motor, eine Saugleistung von bis zu 38 kPa und eine Laufzeit von 55 Minuten. Mit Multi-Kegel-Filterung, einem farbenfrohen animierten Display und einem ergonomischen Doppelgriff-Design sorgt dieser Staubsauger für eine effiziente und gründliche Reinigung Ihres gesamten Zuhauses.",USD,359.99,149.99,True,,1,VC60,149.99,9,https://ibuture.com/cdn/shop/files/Buture_VC60_Vacuum_Cleaner.jpg?v=1769151288,Cordless Vaccum,4287,,site/de/products/buture-cordless-vacuum-cleaner-vc60/index.html
8243881902335,buture-cordless-vacuum-cleaner-vc70,【Flash-Sale】Buture VC70 Akku-Staubsauger | 450W 38KPA,buture-cordless-vacuum-cleaner-vc70,VC70,Buture Official,simple,Staubsauger,Staubsauger,jsonld,full,Die Buture Der kabellose Staubsauger VC70 kombiniert Leistung und intelligente Technologie für müheloses Reinigen. Genießen Sie bis zu 55 Minuten Laufzeit und fortschrittliche HEPA-Filterung.,USD,349.99,159.99,True,,1,VC70,159.99,9,https://ibuture.com/cdn/shop/files/Buture_VC70_Vacuum_Cleaner.jpg?v=1745834623,Cordless Vaccum,4656,,site/de/products/buture-cordless-vacuum-cleaner-vc70/index.html
8445501440255,buture-cordless-vacuum-cleaner-vc80,Buture VC80 Akku-Staubsauger | 450W 40KPA,buture-cordless-vacuum-cleaner-vc80,VC80,Buture Official,simple,Staubsauger,Staubsauger,jsonld,full,Verbessern Sie Ihre Reinigungsroutine mit dem leistungsstarken kabellosen Staubsauger BuTure VC80. Beseitigen Sie mühelos Schmutz und Ablagerungen und sorgen Sie für ein makelloses Zuhause.,USD,359.99,159.99,True,,1,VC80,159.99,8,https://ibuture.com/cdn/shop/files/Buture_VC80_Cordless_Vacuum_Cleaner.jpg?v=1745832018,Cordless Vaccum,7915,,site/de/products/buture-cordless-vacuum-cleaner-vc80/index.html
9172994949375,buture-crevice-nozzle-for-vc90-vacuum,Buture Fugendüse für VC90 Staubsauger,buture-crevice-nozzle-for-vc90-vacuum,VC90CBX,Buture Official,simple,Zubehör,Staubsaugerzubehör,jsonld,meta_fallback,"Reinigen Sie enge und schmale Räume effizient mit der langen Fugendüse des Staubsaugers VC90. Perfekt, um alle schwer zugänglichen Stellen zu erreichen.",USD,39.99,19.99,True,,1,VC90CBX,19.99,2,https://ibuture.com/cdn/shop/files/Buture_VC90_cordless_vacuum_cleaner_long_and_flat_suction_cup-tuya1.webp?v=1754535556,Accessories,152,,site/de/products/buture-crevice-nozzle-for-vc90-vacuum/index.html
8759272243455,buture-european-charger,Universelles europäisches Ladegerät für Buture Staubsauger,buture-european-charger,EUSPQ,Buture Official,simple,Zubehör,Staubsaugerzubehör,jsonld,full,Halten Sie Ihren Staubsauger aufgeladen und einsatzbereit Buture Universelles europäisches Ladegerät. Kompatibel mit den meisten europäischen Staubsaugern.,USD,29.99,20.99,True,,1,EUSPQ,20.99,1,https://ibuture.com/cdn/shop/files/14_eea9b68f-5e77-40d8-b452-60821b37b670.jpg?v=1742802803,Accessories,213,,site/de/products/buture-european-charger/index.html
9172990755071,buture-floor-brush-for-vc90-vacuum,Buture Bodenbürste für VC90 Staubsauger,buture-floor-brush-for-vc90-vacuum,,Buture Official,variable,Zubehör,Staubsaugerzubehör,jsonld,meta_fallback,Verbessern Sie Ihr Reinigungsspiel mit dem Bodenbürstenaufsatz VC90 für Staubsauger. Erzielen Sie jedes Mal mühelos eine makellose Oberfläche.,USD,69.99,36.99,True,Packungen,3,VC90DS1; VC90DS2; VC90DS1GS1,36.99; 59.99; 55.99,3,https://ibuture.com/cdn/shop/files/Buture_VC90_cordless_vacuum_cleaner_floor_brush-tuya1.webp?v=1774618770,Accessories,142,,site/de/products/buture-floor-brush-for-vc90-vacuum/index.html
9172979155199,buture-hepa-filter-for-vc90-vacuum,Buture HEPA-Filter für VC90 Staubsauger,buture-hepa-filter-for-vc90-vacuum,,Buture Official,variable,Accessories,Staubsaugerzubehör,jsonld,full,Erleben Sie erstklassige Reinigung mit dem Buture VC90 Staubsauger mit einem Satz von 3 Premium-HEPA-Filtern für ultimative Filtereffizienz.,USD,59.99,29.99,True,Packungen,3,VC90HP3; VC90HP6; VC90HP9,29.99; 49.99; 69.99,2,https://ibuture.com/cdn/shop/files/Buture_VC90_cordless_vacuum_cleaner_HEPA_filter-tuya1.webp?v=1754535557,Accessories,125,,site/de/products/buture-hepa-filter-for-vc90-vacuum/index.html
8181942059263,buture-jump-starter-beta01,"Buture Beta01 Starthilfe in Palmengröße mit Luftkompressor – 3500 A Spitzenleistung, Aufblasen mit automatischer Abschaltung",buture-jump-starter-beta01,Beta01,Buture Official,simple,Starthilfe,Kfz-Starthilfen,jsonld,full,"Erfüllen Sie Ihre Notfallbedürfnisse im Automobilbereich mit dem Buture Beta01 Tragbarer Starthilfe-Luftkompressor. Starten Sie unterwegs, pumpen Sie Reifen auf und laden Sie Geräte auf.",USD,149.99,89.99,True,,1,Beta01,89.99,7,https://ibuture.com/cdn/shop/files/buture-beta01-car-jump-starter.jpg?v=1748248782,Jump Starter,9380,,site/de/products/buture-jump-starter-beta01/index.html
8181965062399,buture-jump-starter-beta02,"Buture Beta02 Auto-Starthilfe 2500A Peak丨21800mAh Power Bank, leichtes Design",buture-jump-starter-beta02,Beta02,Buture Official,simple,Starthilfe,Kfz-Starthilfen,jsonld,full,"Bringen Sie Ihr Fahrzeug mit dem wieder auf die Straße Buture Beta02 Starthilfe. Diese 2500-A-Starthilfe ist perfekt für 8,5-Liter-Benzin- und 8,0-Liter-Dieselmotoren. Mit Schnellladeanschlüssen, einem großen LCD-Display, verlängerten Smart-Starthilfekabeln und Notlichtern.",USD,139.99,69.99,True,,1,Beta02,69.99,7,https://ibuture.com/cdn/shop/files/buture-beta02-car-jump-starter.jpg?v=1748247944,Jump Starter,4112,,site/de/products/buture-jump-starter-beta02/index.html
8181966471423,buture-jump-starter-beta03,"Buture Beta03 Auto-Batterie-Starthilfe 5000A丨400 Lumen Weitwinkellicht, eingebauter Kompass",buture-jump-starter-beta03,Beta03,Buture Official,simple,Starthilfe,Kfz-Starthilfen,jsonld,full,"Steigern Sie Ihr Fahrzeug sofort mit dem Buture Beta03 Starthilfe. Mit 5000 A Spitzenstrom, 26800 mAh Kapazität, Schnellladeanschlüssen und einem LCD-Display. Dieser tragbare Autobatteriesatz ist perfekt für alle Benzin- und 10,0-Liter-Dieselmotoren. Ausgestattet mit verlängerten intelligenten Überbrückungskabeln, Notlichtern und mehreren Schutzvorrichtungen für die Sicherheit.",USD,169.99,109.99,True,,1,Beta03,109.99,8,https://ibuture.com/cdn/shop/files/buture-beta03-car-jump-starter.webp?v=1748247032,Jump Starter,4147,,site/de/products/buture-jump-starter-beta03/index.html
8303133163775,buture-jump-starter-beta04,"Buture Beta04 Heavy Duty Jump Starter 6000A丨27000mAh Batterie, 65W Zwei-Wege-Schnell-Ladung",buture-jump-starter-beta04,Beta04,Buture Official,simple,Starthilfe,Kfz-Starthilfen,jsonld,full,"Bleiben Sie vorbereitet mit dem Buture Beta04 Tragbarer Starthilfe. Mit einem Spitzenstrom von 6000 A unterstützt es alle Benzin- und 12,0-Liter-Dieselmotoren. Kompakt und leicht, ist es die perfekte Lösung, um Ihre leere Batterie jederzeit zu starten.",USD,199.99,109.99,True,Titel,1,Beta04,109.99,8,https://ibuture.com/cdn/shop/files/buture-beta04-car-jump-starter.webp?v=1748245233,Jump Starter,5352,,site/de/products/buture-jump-starter-beta04/index.html
8401969414399,buture-jump-starter-beta05,"Buture Beta05 Auto-Starthilfe 4000A丨EC5-Adapter inbegriffen, mehr Geräte mit Strom versorgen",buture-jump-starter-beta05,Beta05,Buture Official,simple,Starthilfe,Kfz-Starthilfen,jsonld,full,"Entdecken Sie die Buture Beta05 Starthilfe mit 4000 A Spitzenstrom, konzipiert für alle Benzin- und 10,0-Liter-Dieselmotoren. Verfügt über einen 88,06-Wh-Akku, ein großes Display, Schnellladeanschlüsse und Notlichter. Perfekt für zuverlässige Fahrzeugstarts und das Laden Ihrer Geräte unterwegs.",USD,179.99,89.99,True,Titel,1,Beta05,89.99,6,https://ibuture.com/cdn/shop/files/buture-jump-starter-beta05.jpg?v=1748244136,Jump Starter,3823,,site/de/products/buture-jump-starter-beta05/index.html
7545767198975,buture-jump-starter-br300,Buture BR300 Tragbare Autobatterie-Starthilfe 1500A,buture-jump-starter-br300,BR300,Buture Official,simple,Starthilfe,Kfz-Starthilfen,jsonld,full,"Holen Sie sich das Buture BR300 Auto-Starthilfe mit 1500 A Spitzenstrom für bis zu 7,0 l Benzin- und 5,5 l Dieselmotoren. Dieses tragbare 13800-mAh-Akku-Boosterpaket verfügt über intelligente Sicherheitsüberbrückungskabel, Schnellladeausgänge und eine 4-in-1-LED-Taschenlampe. Zuverlässig und effizient für alle Ihre Notfallbedürfnisse.",USD,109.99,65.99,True,,1,BR300,65.99,8,https://ibuture.com/cdn/shop/files/buture-br300-car-jump-starter.jpg?v=1748254671,Jump Starter,3050,,site/de/products/buture-jump-starter-br300/index.html
9172992917759,buture-mattress-brush-for-vc90-vacuum,Buture Anti-Milben-Bürste für VC90 Staubsauger,buture-mattress-brush-for-vc90-vacuum,VC90CMS1,Buture Official,simple,Zubehör,Staubsaugerzubehör,jsonld,meta_fallback,Verbessern Sie Ihre Reinigungsroutine mit dem Anti-Milben-Bürstenaufsatz für Staubsauger VC90. Verabschieden Sie sich mühelos von Staub und Allergenen.,USD,59.99,30.99,True,,1,VC90CMS1,30.99,2,https://ibuture.com/cdn/shop/files/Buture_VC90_cordless_vacuum_cleaner_dust_mite_removal_brush-tuya1.webp?v=1754535556,Accessories,151,,site/de/products/buture-mattress-brush-for-vc90-vacuum/index.html
8844680855807,buture-pro-bp10-vacuum-floor-brush,Buture Bodenbürste für BP10 Vakuum,buture-pro-bp10-vacuum-floor-brush,,Buture Official,variable,Zubehör,Staubsaugerzubehör,jsonld,full,Verbessern Sie die Reinigungsleistung Ihres BP10 Kabelloser Staubsauger mit diesem Bodenbürstenaufsatz. Perfekt für die Bearbeitung einer Vielzahl von Oberflächen.,USD,69.99,36.99,True,Packungen,4,BP10DS1; BP10DS2; BP10DS1GS1R; BP10DS1GS1Y,36.99; 59.99; 55.99; 55.99,4,https://ibuture.com/cdn/shop/files/11_8cdaa85a-113d-43cb-941a-27b9f53d3bbb.jpg?v=1774000176,Accessories,422,,site/de/products/buture-pro-bp10-vacuum-floor-brush/index.html
9172985250047,buture-replacement-battery-for-vc90-vacuum,Buture Ersatzakku für VC90 Staubsauger,buture-replacement-battery-for-vc90-vacuum,,Buture Official,variable,Zubehör,Staubsaugerzubehör,jsonld,meta_fallback,"Entdecken Sie die perfekte Lösung für alle Ihre Bedürfnisse mit unserem vielseitigen und zuverlässigen Produkt, das Ihren Alltag bereichert.",USD,149.99,69.99,True,Packungen,3,VC90DC1; VC90DC2; VC90DC1HP3,69.99; 89.99; 80.99,3,https://ibuture.com/cdn/shop/files/Buture_VC90_cordless_vacuum_cleaner_battery-tuya1.webp?v=1775201982,Accessories,140,,site/de/products/buture-replacement-battery-for-vc90-vacuum/index.html
9172989608191,buture-roller-brush-for-vc90-vacuum,Buture Walzenbürste für VC90 Staubsauger,buture-roller-brush-for-vc90-vacuum,,Buture Official,variable,Zubehör,Staubsaugerzubehör,jsonld,meta_fallback,Verbessern Sie die Reinigungsleistung Ihres VC90-Staubsaugers mit diesem Rollenbürstenaufsatz. Perfekt zum Entfernen von Schmutz und Ablagerungen von Teppichen und Böden.,USD,42.99,20.99,True,Packungen,3,VC90GS1; VC90GS2; VC90DS1GS1,20.99; 36.99; 55.99,2,https://ibuture.com/cdn/shop/files/Buture_VC90_cordless_vacuum_cleaner_roller-tuya1.webp?v=1754535811,Accessories,170,,site/de/products/buture-roller-brush-for-vc90-vacuum/index.html
8759273095423,buture-uk-charger,Universelles UK-Ladegerät für Buture Staubsauger,buture-uk-charger,UKSPQ,Buture Official,simple,Zubehör,Staubsaugerzubehör,jsonld,full,"Sorgen Sie dafür, dass Ihr Staubsauger reibungslos läuft Buture Universelles UK-Ladegerät. Kompatibel mit verschiedenen Staubsaugermodellen, perfekt, um Ihr Zuhause sauber zu halten.",USD,29.99,20.99,True,,1,UKSPQ,20.99,1,https://ibuture.com/cdn/shop/files/14_a65d0b75-652f-451e-82d6-821d05aae8f4.jpg?v=1742802802,Accessories,213,,site/de/products/buture-uk-charger/index.html
8740328243455,buture-us-charger,Universelles amerikanisches Ladegerät für Buture Staubsauger,buture-us-charger,USSPQ,Buture Official,simple,Zubehör,Staubsaugerzubehör,jsonld,full,"Stellen Sie sicher, dass Ihre Geräte mit dem eingeschaltet bleiben Buture Universelles amerikanisches Vakuum-Ladegerät. Kompatibel mit einer Vielzahl von Geräten für bequemes Aufladen.",USD,29.99,20.99,True,,1,USSPQ,20.99,1,https://ibuture.com/cdn/shop/files/3_235497c0-66a7-4546-b27c-787cc07d0970.jpg?v=1742802821,Accessories,213,,site/de/products/buture-us-charger/index.html
8917329150207,buture-vac01-charger,Buture Ladegerät für VAC01 Vakuum,buture-vac01-charger,,Buture Official,variable,Zubehör,Staubsaugerzubehör,jsonld,full,Behalten Sie Ihre Buture VAC01 Mit diesem praktischen Ladegerät ist der Staubsauger aufgeladen und betriebsbereit.,USD,29.99,20.99,True,Stecker,3,USSPQVAC01; EUSPQVAC01; UKSPQVAC01,20.99; 20.99; 20.99,4,https://ibuture.com/cdn/shop/files/21_160ffdaf-8408-4675-9206-6a3332a4f415-520613.jpg?v=1742802602,Accessories,68,,site/de/products/buture-vac01-charger/index.html
8853528740095,buture-vac01-cordless-stick-vacuum,Buture VAC01 Aromatherapie-Akku-Staubsauger | 600W 50KPA,buture-vac01-cordless-stick-vacuum,VAC01,Buture Official,simple,Staubsauger,Staubsauger,jsonld,full,"Erleben Sie eine überragende Reinigungsleistung mit dem Buture VAC01 Kabelloser Staubsauger. Er entfernt mühelos Tierhaare, Oberflächenablagerungen und festsitzenden Schmutz und übertrifft damit 95 % der Staubsauger auf dem Markt, wodurch er sich ideal für Teppiche und Hartholzböden eignet.",USD,369.99,169.99,True,Titel,1,VAC01,169.99,9,https://ibuture.com/cdn/shop/files/Buture_VAC01Cordless_Vacuum_Cleaner.jpg?v=1732521673,Cordless Vaccum,4304,,site/de/products/buture-vac01-cordless-stick-vacuum/index.html
9611816599807,buture-vc10-cordless-vacuum-cleaner-400w-38kpa-copy,Buture VC10 Cordless Vacuum | Official Refurbished,buture-vc10-cordless-vacuum-cleaner-400w-38kpa-copy,VC10FXJ,Buture Official,simple,Vacuum Cleaner,Staubsauger,jsonld,full,"Buture VC10 400W Cordless Vacuum Cleaner with Touch Screen, 55 Min. Autonomy, LED Light, and 4-in-1 Floor/Carpet/Dog Hair Vacuum. Powerful suction for all types of waste.",USD,299.99,89.99,True,,1,VC10FXJ,89.99,10,https://ibuture.com/cdn/shop/products/VC10.jpg?v=1652079168,Cordless Vaccum | FXJ,1619,,site/de/products/buture-vc10-cordless-vacuum-cleaner-400w-38kpa-copy/index.html
9171689832703,buture-vc90-cordless-vacuum-cleaner,Buture VC90 Akku-Staubsauger | 650W 55KPA | Automatische Bodenerkennung,buture-vc90-cordless-vacuum-cleaner,VC90,Buture Official,simple,Vacuum Cleaner,Staubsauger,jsonld,full,"Buture VC90 Akku-Staubsauger: bürstenloser 650-W-Motor, 55 kPa Saugleistung, bis zu 60 Minuten Laufzeit und selbststehendes Design. Reinigen Sie mühelos Schmutz und Haare auf allen Böden.",USD,399.99,199.99,True,,1,VC90,199.99,10,https://ibuture.com/cdn/shop/files/buture-vc90-cordless-vacuum-cleaner-main-image.png?v=1754466209,Cordless Vaccum,4654,,site/de/products/buture-vc90-cordless-vacuum-cleaner/index.html
9172992491775,buture-wall-mount-for-vc90-vacuum,Buture Wandhalterung für VC90 Staubsauger,buture-wall-mount-for-vc90-vacuum,VC90BG,Buture Official,simple,Zubehör,Staubsaugerzubehör,jsonld,meta_fallback,Die Wandhalterung für Staubsauger VC90 ist die ultimative platzsparende Lösung für die Aufbewahrung Ihrer Reinigungsutensilien. Ein Muss für jedes organisierte Zuhause.,USD,39.99,20.99,True,,1,VC90BG,20.99,2,https://ibuture.com/cdn/shop/files/Buture_VC90_cordless_vacuum_cleaner_wall-mount_accessory-tuya1.webp?v=1754535557,Accessories,168,,site/de/products/buture-wall-mount-for-vc90-vacuum/index.html
8944944316671,buture-x9-vacuum-cleaner,Buture X9 Akku-Staubsauger | 600W 50KPA | 60 Minuten Laufzeit,buture-x9-vacuum-cleaner,X9,Buture Official,simple,Staubsauger,Staubsauger,jsonld,full,"Entdecken Sie die Buture X9 Akku-Staubsauger mit einem leistungsstarken 600-W-Motor und einer Saugleistung von 50 kPa für die mühelose Entfernung von Tierhaaren. Genießen Sie bis zu 60 Minuten Laufzeit im Eco-Modus, ein eigenständiges Design und ein 7-stufiges Filtersystem mit einem großen 1,5-Liter-Staubbecher.",USD,389.99,189.99,True,,1,X9,189.99,12,https://ibuture.com/cdn/shop/files/Buture_X9_Cordless_Vacuum_Cleaner.jpg?v=1745826968,Cordless Vaccum,3747,,site/de/products/buture-x9-vacuum-cleaner/index.html
8716369264895,jr400-battery,Buture Ersatzakku für JR400 Staubsauger,jr400-battery,,Buture Official,variable,Zubehör,Staubsaugerzubehör,jsonld,meta_fallback,Verbessern Sie Ihr Reinigungsspiel mit dem Buture JR400 Vakuum. Dieser batteriebetriebene Staubsauger ist kabellos und leistungsstark und ein Muss für jedes Zuhause.,USD,129.99,69.99,True,Packungen,3,JR400DC1; JR400DC2; JR400DC1HP3,69.99; 89.99; 80.99,3,https://ibuture.com/cdn/shop/files/JR400_Battery.png?v=1775202687,Accessories,165,,site/de/products/jr400-battery/index.html
8793071747327,jr400-dust-cup,Buture Staubbecher für JR400 Staubsauger,jr400-dust-cup,,Buture Official,variable,Zubehör,Staubsaugerzubehör,jsonld,meta_fallback,Maximieren Sie die Reinigungsleistung Ihres JR400-Handstaubsaugers mit diesem praktischen Staubbecheraufsatz. Halten Sie Ihre Räume mühelos makellos.,USD,49.99,22.99,True,Packungen,4,JR400CB1; JR400CB2; JR400ZJ1CB1; JR400BXG1CB1,22.99; 39.99; 78.99; 40.99,4,https://ibuture.com/cdn/shop/files/BUTURE_JR400_5fac782c-5acc-45da-b09f-3ddd050ab900-687781.jpg?v=1742802759,Accessories,149,,site/de/products/jr400-dust-cup/index.html
8793164153087,jr400-flocking-roller-brush,Buture Beflockte Walzenbürste für JR400 Staubsauger,jr400-flocking-roller-brush,,Buture Official,variable,Zubehör,Staubsaugerzubehör,jsonld,meta_fallback,Verbessern Sie Ihr Reinigungsspiel mit dem JR400 Handstaubsauger-Beflockungswalzenbürstenaufsatz. Reinigen Sie mühelos jede Oberfläche mit diesem praktischen Werkzeug.,USD,39.99,20.99,True,Packungen,2,JR400ZGS; JR400ZGS2,20.99; 35.99,2,https://ibuture.com/cdn/shop/files/JR400Brush-522131.jpg?v=1742802732,Accessories,167,,site/de/products/jr400-flocking-roller-brush/index.html
8790322872575,jr400-floor-brush,Buture Bodenbürste für JR400 Staubsauger,jr400-floor-brush,,Buture Official,variable,Zubehör,Staubsaugerzubehör,jsonld,full,Verbessern Sie Ihre Reinigung mit dem JR400 Handstaubsauger-Bodenbürstenaufsatz. Reinigen Sie schwer zugängliche Stellen ganz einfach und sorgen Sie für ein makelloses Zuhause.,USD,69.99,36.99,True,Packungen,3,JR400DS1; JR400DS2; JR400DS1GS1,36.99; 59.99; 55.99,3,https://ibuture.com/cdn/shop/files/BUTURE_JR400_f38c7af0-a604-454a-b4a8-24ad7dbcca96.jpg?v=1774000587,Accessories,49,,site/de/products/jr400-floor-brush/index.html
8759286989055,jr400-hepa-filter,Buture HEPA-Filter für JR400 Staubsauger,jr400-hepa-filter,,Buture Official,variable,Zubehör,Staubsaugerzubehör,jsonld,full,Erleben Sie erstklassige Reinigung mit dem Buture JR400 Staubsauger mit einem Satz von 3 Premium-HEPA-Filtern für ultimative Filtereffizienz.,USD,49.99,29.99,True,Packungen,4,JR400HP3; JR400HP6; JR400HP9; JR400DC1HP3,29.99; 49.99; 69.99; 80.99,3,https://ibuture.com/cdn/shop/files/BUTURE_JR400____3.jpg?v=1742802787,Accessories,167,,site/de/products/jr400-hepa-filter/index.html
8790334472447,jr400-roller-brush,Buture Walzenbürste für JR400 Staubsauger,jr400-roller-brush,,Buture Official,variable,Zubehör,Staubsaugerzubehör,jsonld,meta_fallback,Verbessern Sie die Reinigungsleistung Ihres JR400-Handstaubsaugers mit diesem praktischen Rollenbürstenaufsatz. Beseitigen Sie mühelos Schmutz und Ablagerungen.,USD,39.99,20.99,True,Packungen,3,JR400GS1; JR400GS2; JR400DS1GS1,20.99; 36.99; 55.99,3,https://ibuture.com/cdn/shop/files/BUTURE_JR400_1921cfd6-32bb-4664-8bfe-7287b4a3f40d-690924.jpg?v=1742802762,Accessories,160,,site/de/products/jr400-roller-brush/index.html
8793073189119,jr400-stainless-steel-filter,Buture Edelstahlfilter für JR400 Vakuum,jr400-stainless-steel-filter,,Buture Official,variable,Zubehör,Staubsaugerzubehör,jsonld,meta_fallback,Verbessern Sie Ihr Reinigungsspiel mit dem Edelstahlfilteraufsatz des JR400-Handstaubsaugers. Verabschieden Sie sich von lästigen Trümmern und genießen Sie ein makelloses Zuhause.,USD,39.99,20.99,True,Packungen,3,JR400BXG1; JR400BXG2; JR400BXG1CB1,20.99; 34.99; 40.99,3,https://ibuture.com/cdn/shop/files/BUTURE_JR400_480ecc89-214d-42ac-b813-84e8c003582a-761978.jpg?v=1742802758,Accessories,179,,site/de/products/jr400-stainless-steel-filter/index.html
8793074991359,jr400-telescopic-tube,Buture Teleskoprohr für JR400 Staubsauger,jr400-telescopic-tube,,Buture Official,variable,Zubehör,Staubsaugerzubehör,jsonld,full,"Verbessern Sie Ihr Handstaubsaugererlebnis mit dem JR400-Teleskoprohraufsatz, der das Erreichen und Reinigen in engen Räumen erleichtert.",USD,39.99,23.99,True,Packungen,2,JR400SS; JR400SS2,23.99; 39.99,2,https://ibuture.com/cdn/shop/files/BUTURE_JR400_bf5acdc7-6c4b-410b-9a25-f0f5495f7b4a-698571.jpg?v=1767591980,Accessories,99,,site/de/products/jr400-telescopic-tube/index.html
8774424527103,jr500-roller-brush,Buture Walzenbürste für JR500 Staubsauger,jr500-roller-brush,,Buture Official,variable,Zubehör,Staubsaugerzubehör,jsonld,full,Verbessern Sie die Reinigungsleistung Ihres JR500-Handstaubsaugers mit diesem Rollenbürstenaufsatz. Beseitigen Sie mühelos Schmutz und Ablagerungen auf jeder Oberfläche.,USD,39.99,20.99,True,Packungen,2,JR500GS1; JR500GS2,20.99; 36.99,1,https://ibuture.com/cdn/shop/files/7-V.jpg?v=1742802772,Accessories,155,,site/de/products/jr500-roller-brush/index.html
8759287972095,jr600-battery,Buture Ersatzakku für JR600 Staubsauger,jr600-battery,,Buture Official,variable,Zubehör,Staubsaugerzubehör,jsonld,meta_fallback,Die Buture Der JR600 Vacuum ist ein leistungsstarker Akku-Staubsauger mit langlebigem Akku für bequemes Reinigen jederzeit und überall.,USD,129.99,69.99,True,Packungen,3,JR600DC1; JR600DC2; JR600DC1HP3,69.99; 89.99; 80.99,3,https://ibuture.com/cdn/shop/files/7ecc40279fd871bac0e0d11e210a632b_25136bff-e07e-4882-ab3d-c3bfa6fc6846.jpg?v=1775202224,Accessories,135,,site/de/products/jr600-battery/index.html
8744441708799,jr600-hepa-filter,Buture HEPA-Filter für JR600 Staubsauger,jr600-hepa-filter,,Buture Official,variable,Zubehör,Staubsaugerzubehör,jsonld,full,Rüsten Sie Ihr auf Buture JR600-Staubsauger mit diesen 3 HEPA-Ersatzfiltern für verbesserte Luftqualität und starke Saugleistung.,USD,49.99,29.99,True,Packungen,4,JR600HP3; JR600HP6; JR600HP9; JR600DC1HP3,29.99; 49.99; 69.99; 80.99,3,https://ibuture.com/cdn/shop/files/3_cba638c6-fbab-4db1-a279-6b2b4121012b.jpg?v=1742802810,Accessories,125,,site/de/products/jr600-hepa-filter/index.html
8790412525823,jr600-roller-brush,Buture Walzenbürste für JR600 Staubsauger,jr600-roller-brush,,Buture Official,variable,Zubehör,Staubsaugerzubehör,jsonld,meta_fallback,Verbessern Sie die Reinigungsleistung Ihres JR600 Akku-Staubsaugers mit dem Rollenbürstenaufsatz. Beseitigt mühelos Schmutz und Ablagerungen auf verschiedenen Oberflächen.,USD,39.99,20.99,True,Packungen,2,JR600GS1; JR600GS2,20.99; 36.99,2,https://ibuture.com/cdn/shop/files/65ccc91257a6fe997739cbe70bdd4de0.jpg?v=1742802761,Accessories,171,,site/de/products/jr600-roller-brush/index.html
8901900239103,jr600-vacuum-2-in-1-brush,Buture 2-in-1-Bürste für JR600 Staubsauger,jr600-vacuum-2-in-1-brush,,Buture Official,variable,Zubehör,Staubsaugerzubehör,jsonld,meta_fallback,Mit dem JR600 Stabstaubsauger 2-in-1-Bürstenzubehör können Sie ganz einfach zwischen Bürsten- und Stielmodus wechseln. Ideal für eine schnelle und effiziente Reinigung.,USD,28.99,18.99,True,Packungen,2,JR600EH; JR600EH2,18.99; 25.99,2,https://ibuture.com/cdn/shop/files/ce00f039cc189765c7da7e7998d0fdf3_aa37b36e-5bd5-4c24-9dcf-b98d0ea0e55a.jpg?v=1742802605,Accessories,168,,site/de/products/jr600-vacuum-2-in-1-brush/index.html
8740339450111,jr700-battery,Buture Ersatzakku für JR700 Red Staubsauger,jr700-battery,,Buture Official,variable,Zubehör,Staubsaugerzubehör,jsonld,full,Verbessern Sie Ihr Reinigungserlebnis mit dem roten Handstaubsauger-Akkuaufsatz JR700. Einfach zu bedienen und verlängert die Lebensdauer Ihres Staubsaugers.,USD,129.99,69.99,True,Packungen,3,JR700RDC1; JR700RDC2; JR700RDC1HP3,69.99; 89.99; 80.99,3,https://ibuture.com/cdn/shop/files/lQDPKH_aM_iLcwnNB9DNB9CwQGN8zlCj7C8HWL1bR9CcAA_2000_2000.jpg?v=1775202572,Accessories,102,,site/de/products/jr700-battery/index.html
8846221443327,jr700-blue-1-battery-6-hepa-filters-bundle,Vakuumpaket: Buture JR700 Blue Vacuum + 2 Batterien + 9 HEPA-Filter,jr700-blue-1-battery-6-hepa-filters-bundle,,Buture Official,variable,Staubsauger,Staubsauger,jsonld,full,"Rüsten Sie Ihr Reinigungsspiel mit dem JR700 Blue Vacuum Bundle auf. Enthält 1 Akku-Staubsauger, 2 Batterien und 9 HEPA-Filter für Spitzenleistung.",USD,399.99,190.99,True,Wählen Sie Option,4,JR700BKB-1; JR700BKB-2; JR700BKB-3; JR700BKB-4,190.99; 192.99; 192.99; 199.99,16,https://ibuture.com/cdn/shop/files/JR700_BLUE_Vacuum_Bundle.jpg?v=1730200408,Bundle,720,,site/de/products/jr700-blue-1-battery-6-hepa-filters-bundle/index.html
8740339843327,jr700-blue-battery,Buture Ersatzakku für JR700 Blue Staubsauger,jr700-blue-battery,,Buture Official,variable,Zubehör,Staubsaugerzubehör,jsonld,full,Verlängern Sie die Akkulaufzeit Ihres JR700 Blue Handstaubsaugers mit diesem praktischen Akkuaufsatz. Reinigen Sie ohne Unterbrechung weiter!,USD,129.99,69.99,True,Packungen,3,JR700BDC1; JR700BDC2; JR700BDC1HP3,69.99; 89.99; 80.99,3,https://ibuture.com/cdn/shop/files/2_9976687c-45d0-491b-9c01-e13b88285c13.png?v=1775202512,Accessories,102,,site/de/products/jr700-blue-battery/index.html
8759282925823,jr700-blue-hepa-filter,Buture HEPA-Filter für JR700 Blue Vacuum,jr700-blue-hepa-filter,,Buture Official,variable,Zubehör,Staubsaugerzubehör,jsonld,full,Halten Sie Ihr Zuhause sauber und frei von Allergenen Buture JR700 Blue Stabstaubsauger mit HEPA-Filter. Enthält 3 Teile für optimale Filterung.,USD,49.99,29.99,True,Packungen,4,JR700BHP3; JR700BHP6; JR700BHP9; JR700BDC1HP3,29.99; 49.99; 69.99; 80.99,3,https://ibuture.com/cdn/shop/files/2_b45548da-1e17-4218-bbc1-a9aee8819616.jpg?v=1742802792,Accessories,162,,site/de/products/jr700-blue-hepa-filter/index.html
8793163071743,jr700-floor-brush,Buture Bodenbürste für JR700 Staubsauger,jr700-floor-brush,,Buture Official,variable,Zubehör,Staubsaugerzubehör,jsonld,full,Verbessern Sie die Reinigungseffizienz mit dem JR700 Akku-Staubsauger-Bodenbürstenaufsatz. Beseitigen Sie mühelos alle Unordnung auf Ihren Böden.,USD,69.99,36.99,True,Packungen,3,JR700DS1; JR700DS2; JR700DS1GS1,36.99; 59.99; 55.99,4,https://ibuture.com/cdn/shop/files/12_77403c0f-d852-48ff-a49c-613aeba78f54.jpg?v=1774000563,Accessories,113,,site/de/products/jr700-floor-brush/index.html
8744439054591,jr700-red-hepa-filter,Buture HEPA-Filter für JR700 Red Vacuum,jr700-red-hepa-filter,,Buture Official,variable,Zubehör,Staubsaugerzubehör,jsonld,full,Halten Sie Ihr Zuhause sauber und allergenfrei mit dem Buture JR700 Roter Staubsauger. Kommt mit 3 HEPA-Filtern für maximale Filtereffizienz.,USD,49.99,29.99,True,Packungen,4,JR700RHP3; JR700RHP6; JR700RHP9; JR700RDC1HP3,29.99; 49.99; 69.99; 80.99,3,https://ibuture.com/cdn/shop/files/10-1.jpg?v=1742802812,Accessories,163,,site/de/products/jr700-red-hepa-filter/index.html
8759283745023,jr700-roller-brush,Buture Walzenbürste für JR700 Staubsauger,jr700-roller-brush,,Buture Official,variable,Zubehör,Staubsaugerzubehör,jsonld,full,"Rüsten Sie Ihren JR700-Handstaubsauger mit diesem Rollenbürstenaufsatz auf, um die Reinigungsleistung auf Teppichen und Polstern zu verbessern.",USD,39.99,20.99,True,Packungen,3,JR700GS1; JR700GS2; JR700DS1GS1,20.99; 36.99; 55.99,4,https://ibuture.com/cdn/shop/files/6_ad35a338-1960-43b1-8b40-d0d0d21f2da7.jpg?v=1742802791,Accessories,61,,site/de/products/jr700-roller-brush/index.html
8793164284159,jr700-stainless-steel-filter,Buture Edelstahlfilter für JR700 Vakuum,jr700-stainless-steel-filter,,Buture Official,variable,Zubehör,Staubsaugerzubehör,jsonld,full,Halten Sie Ihr Zuhause sauber mit dem Edelstahl-Filteraufsatz des JR700 Akku-Staubsaugers für leistungsstarke Saugkraft und einfache Wartung.,USD,39.99,20.99,True,Packungen,3,JR700BXG1; JR700BXG2; JR700BXG1CB1,20.99; 34.99; 40.99,4,https://ibuture.com/cdn/shop/files/14_27844a82-4571-49e4-8317-a2b6a20140f7.jpg?v=1742802731,Accessories,61,,site/de/products/jr700-stainless-steel-filter/index.html
8875960762623,jr700-vacuum-flocking-roller-brush,Buture Beflockte Walzenbürste für JR700 Staubsauger,jr700-vacuum-flocking-roller-brush,,Buture Official,variable,Zubehör,Staubsaugerzubehör,jsonld,meta_fallback,Verbessern Sie Ihre Reinigungsroutine mit dem Buture JR700 Vakuum-Beflockungswalzenbürstenzubehör. Verbessern Sie noch heute Ihr Staubsaugenerlebnis!,USD,39.99,20.99,True,Packungen,2,JR700ZGS; JR700ZGS2,20.99; 35.99,3,https://ibuture.com/cdn/shop/files/JR400Brush.jpg?v=1742802617,Accessories,149,,site/de/products/jr700-vacuum-flocking-roller-brush/index.html
9592732614911,refurbished-buture-bp10-cordless-vacuum-cleaner,Buture BP10 Akkustaubsauger | Offiziell generalüberholt,refurbished-buture-bp10-cordless-vacuum-cleaner,,Buture Official,variable,Staubsauger,Staubsauger,jsonld,full,"Buture Profi BP10 ist ein hervorragender kabelloser Staubsauger für Hartholzböden mit leistungsstarker Saugleistung von 450 W/38 kPa, leisem 68-dB-Betrieb und intelligenten Moduseinstellungen.",USD,359.99,89.0,True,Refurbishment Level,2,BP10FXJ-1; BP10FXJ-2,89.0; 99.0,10,https://ibuture.com/cdn/shop/files/Buture_BP10_Cordless_Vacuum_Cleaner.jpg?v=1745827233,Cordless Vaccum | FXJ,5297,,site/de/products/refurbished-buture-bp10-cordless-vacuum-cleaner/index.html
9597369123071,refurbished-buture-bp20-cordless-vacuum-cleaner,Buture BP20 Akku-Staubsauger | Offiziell renoviert,refurbished-buture-bp20-cordless-vacuum-cleaner,BP20FXJ,Buture Official,simple,Staubsauger,Staubsauger,jsonld,full,"Erleben Sie kraftvolle Reinigung mit dem Buture BP20 Akku-Staubsauger. Ultimative Saugkraft, selbststehendes Design, intelligente Funktionen und vielseitige Reinigungsmodi.",USD,379.99,109.0,True,,1,BP20FXJ,109.0,10,https://ibuture.com/cdn/shop/files/Buture_BP20_Vacuum_Cleaner.jpg?v=1744257758,Cordless Vaccum | FXJ,3866,,site/de/products/refurbished-buture-bp20-cordless-vacuum-cleaner/index.html
9597355098367,refurbished-buture-jr700-blue-cordless-vacuum,Buture JR700 Blauer Staubsauger | Offiziell renoviert,refurbished-buture-jr700-blue-cordless-vacuum,,Buture Official,variable,Staubsauger,Staubsauger,jsonld,full,"Erleben Sie müheloses Reinigen mit dem Buture JR700 Blue Akku-Staubsauger. Kraftvoll und elegant, beseitigt es mühelos Tierhaare und Schmutz.",USD,359.99,89.0,True,Refurbishment Level,2,JR700BFXJ-1; JR700BFXJ-2,89.0; 99.0,9,https://ibuture.com/cdn/shop/files/Buture_JR700_Blue_Vacuum_Cleaner.jpg?v=1745918968,Cordless Vaccum | FXJ,7255,,site/de/products/refurbished-buture-jr700-blue-cordless-vacuum/index.html
9597363454207,refurbished-buture-jr700-red-cordless-vacuum,Buture JR700 Roter Staubsauger | Offiziell generalüberholt,refurbished-buture-jr700-red-cordless-vacuum,,Buture Official,variable,Staubsauger,Staubsauger,jsonld,full,"Leiser Betrieb, leistungsstarker 500-W-Motor, verbesserter Touchscreen, 55 Minuten Laufzeit – der kabellose Akku-Staubsauger JR700 bekämpft Tierhaare und hartnäckige Verschmutzungen.",USD,359.99,89.0,True,Refurbishment Level,2,JR700RFXJ-1; JR700RFXJ-2,89.0; 99.0,9,https://ibuture.com/cdn/shop/files/Buture_JR700_Red_Vacuum_Cleaner.jpg?v=1745921504,Cordless Vaccum | FXJ,4099,,site/de/products/refurbished-buture-jr700-red-cordless-vacuum/index.html
8872131199231,vac01-vacuum-2-in-1-brush,Buture 2-in-1-Bürste für VAC01 Vakuum,vac01-vacuum-2-in-1-brush,VAC01EH,Buture Official,simple,Zubehör,Staubsaugerzubehör,jsonld,meta_fallback,Erleben Sie den Komfort unseres VAC01 Akku-Staubsauger mit 2-in-1-Bürstenzubehör für eine gründliche Reinigung jedes Mal.,USD,29.99,19.99,True,,1,VAC01EH,19.99,2,https://ibuture.com/cdn/shop/files/6_fbd53803-6f4f-49e2-bfdc-a348656e68dd.jpg?v=1742802624,Accessories,121,,site/de/products/vac01-vacuum-2-in-1-brush/index.html
8872125628671,vac01-vacuum-battery,Buture Ersatzakku für VAC01 Vakuum,vac01-vacuum-battery,,Buture Official,variable,Zubehör,Staubsaugerzubehör,jsonld,meta_fallback,"Entdecken Sie die perfekte Lösung für alle Ihre Bedürfnisse mit unserem vielseitigen und zuverlässigen Produkt, das Ihren Alltag bereichert.",USD,149.99,69.99,True,Packungen,3,VAC01DC1; VAC01DC2; VAC01DC1HP3,69.99; 89.99; 80.99,3,https://ibuture.com/cdn/shop/files/3_dd1a9b48-7c29-45d6-aee3-1e8c8339770e.jpg?v=1775202189,Accessories,140,,site/de/products/vac01-vacuum-battery/index.html
8872136343807,vac01-vacuum-floor-brush,Buture Bodenbürste für VAC01 Vakuum,vac01-vacuum-floor-brush,,Buture Official,variable,Zubehör,Staubsaugerzubehör,jsonld,full,Verbessern Sie Ihre Reinigungsroutine mit dem VAC01 Akku-Staubsauger und sein Bodenbürstenzubehör. Halten Sie Ihre Böden mühelos makellos.,USD,69.99,36.99,True,Pack,3,VAC01DS1; VAC01DS2; VAC01DS1GS1,36.99; 59.99; 55.99,3,https://ibuture.com/cdn/shop/files/10_d3e8408e-923c-4877-ab0c-69cab958119e.jpg?v=1774000149,Accessories,51,,site/de/products/vac01-vacuum-floor-brush/index.html
8872139751679,vac01-vacuum-hepa-filter,Buture Hepa-Filter für VAC01 Vakuum,vac01-vacuum-hepa-filter,,Buture Official,variable,Zubehör,Staubsaugerzubehör,jsonld,full,Halten Sie Ihr Zuhause sauber mit dem Buture VAC01 Akku-Staubsauger mit Hepa-Filter für starke Saugkraft und Allergenentfernung.,USD,58.99,29.99,True,Pack,4,VAC01HP3; VAC01HP6; VAC01HP9; VAC01DC1HP3,29.99; 49.99; 69.99; 80.99,3,https://ibuture.com/cdn/shop/files/14_81a1ba6d-c23d-46bb-b04a-2d9f0e35b719.jpg?v=1742802618,Accessories,125,,site/de/products/vac01-vacuum-hepa-filter/index.html
8872129265919,vac01-vacuum-roller-brush,Buture Walzenbürste für VAC01 Vakuum,vac01-vacuum-roller-brush,,Buture Official,variable,Zubehör,Staubsaugerzubehör,jsonld,meta_fallback,Verbessern Sie Ihre Reinigung mit dem Buture VAC01 Zubehör für Vakuumwalzenbürsten. Kompatibel mit den meisten Modellen für eine gründliche und effiziente Reinigung.,USD,42.99,22.99,True,Pack,3,VAC01GS1; VAC01GS2; VAC01DS1GS1,22.99; 36.99; 55.99,3,https://ibuture.com/cdn/shop/files/5_a1a3831d-d830-47d2-ac7e-b24310cd0ef3.jpg?v=1742802625,Accessories,165,,site/de/products/vac01-vacuum-roller-brush/index.html
8957487907071,vacuum-bundle-buture-bp20-vacuum-2-batteries-8-hepa-filters,Vakuumpaket: Buture BP20 Staubsauger + 2 Batterien + 8 HEPA-Filter,vacuum-bundle-buture-bp20-vacuum-2-batteries-8-hepa-filters,,Buture Official,variable,Staubsauger,Staubsauger,jsonld,full,"Verbessern Sie Ihre Reinigungsroutine mit dem BP20 Vakuumbündel. Inklusive kabellosem Staubsauger, zusätzlichem Akku und HEPA-Filtern für Spitzenleistung.",USD,499.99,250.99,True,Wählen Sie Option,4,BP20KB-1; BP20KB-2; BP20KB-3; BP20KB-4,250.99; 255.99; 255.99; 259.99,4,https://ibuture.com/cdn/shop/files/BP20Vacuumbundle.jpg?v=1734338120,Bundle,610,,site/de/products/vacuum-bundle-buture-bp20-vacuum-2-batteries-8-hepa-filters/index.html
8933972148479,vacuum-bundle-buture-vac01-vacuum-2-batteries-8-hepa-filters,Vakuumpaket: Buture VAC01 Staubsauger + 2 Batterien + 8 HEPA-Filter,vacuum-bundle-buture-vac01-vacuum-2-batteries-8-hepa-filters,,Buture Official,variable,Staubsauger,Staubsauger,jsonld,full,"Holen Sie sich die ultimative Reinigungslösung mit VAC01 Akku-Staubsauger-Paket. Enthält 2 Batterien, 8 HEPA-Filter und wahlweise einen Edelstahlfilter oder eine Bodenbürste.",USD,499.99,229.99,True,Wählen Sie Option,4,VAC01KB-1; VAC01KB-2; VAC01KB-3; VAC01KB-4,229.99; 254.99; 254.99; 259.99,17,https://ibuture.com/cdn/shop/files/VAC01_vacuum_cleaner_bundle.jpg?v=1755596645,Bundle,613,,site/de/products/vacuum-bundle-buture-vac01-vacuum-2-batteries-8-hepa-filters/index.html
8898560852223,vacuum-bundle-buture-vc70-vacuum-2-batteries-9-hepa-filters,Vakuumpaket: Buture VC70 Staubsauger + 2 Batterien + 9 HEPA-Filter,vacuum-bundle-buture-vc70-vacuum-2-batteries-9-hepa-filters,,Buture Official,variable,Staubsauger,Staubsauger,jsonld,full,Holen Sie sich das VC70 Stabstaubsauger-Paket mit 2 Akkus und 9 HEPA-Filtern für leistungsstarke Reinigungsleistung und lang anhaltenden Komfort.,USD,399.99,190.99,True,Wählen Sie Option,4,VC70KB-1; VC70KB-2; VC70KB-3; VC70KB-4,190.99; 193.99; 193.99; 199.99,16,https://ibuture.com/cdn/shop/files/VC70_Vacuum_Bundle.jpg?v=1730200756,Bundle,608,,site/de/products/vacuum-bundle-buture-vc70-vacuum-2-batteries-9-hepa-filters/index.html
8898565832959,vacuum-bundle-buture-vc80-vacuum-2-batteries-9-hepa-filters,Vakuumpaket: Buture VC80 Staubsauger + 2 Batterien + 9 HEPA-Filter,vacuum-bundle-buture-vc80-vacuum-2-batteries-9-hepa-filters,,Buture Official,variable,Staubsauger,Staubsauger,jsonld,full,Halten Sie Ihren Raum sauber mit dem VC80 Akku-Staubsauger-Paket. Enthält 2 Batterien und 9 HEPA-Filter für eine leistungsstarke und effiziente Reinigung.,USD,429.99,209.99,True,Wählen Sie Option,4,VC80KB-1; VC80KB-2; VC80KB-3; VC80KB-4,209.99; 212.99; 212.99; 219.99,10,https://ibuture.com/cdn/shop/files/VC80_Vacuum_Bundle.jpg?v=1730200795,Bundle,605,,site/de/products/vacuum-bundle-buture-vc80-vacuum-2-batteries-9-hepa-filters/index.html
9185052262655,vacuum-bundle-buture-vc90-vacuum-2-batteries-8-hepa-filters,Vakuumpaket: Buture VC90 Staubsauger + 2 Batterien + 8 HEPA-Filter,vacuum-bundle-buture-vc90-vacuum-2-batteries-8-hepa-filters,,Buture Official,variable,Vacuum Cleaner,Staubsauger,jsonld,full,Holen Sie sich das ultimative Reinigungspaket mit dem Buture VC90 Vakuumpaket. Enthält 2 Batterien und 8 HEPA-Filter für eine hervorragende Reinigung jedes Mal.,USD,499.99,260.99,True,Wählen Sie Option,4,VC90KB-1; VC90KB-2; VC90KB-3; VC90KB-4,260.99; 265.99; 265.99; 269.99,4,https://ibuture.com/cdn/shop/files/VC90.png?v=1756205459,Bundle,610,,site/de/products/vacuum-bundle-buture-vc90-vacuum-2-batteries-8-hepa-filters/index.html
8793223921919,vc50-blue-2-in-1-brush,Buture 2-in-1-Bürste für VC50 Staubsauger,vc50-blue-2-in-1-brush,,Buture Official,variable,Zubehör,Staubsaugerzubehör,jsonld,meta_fallback,Halten Sie Ihr Zuhause sauber und ordentlich mit dem VC50 Blue Stabstaubsauger. Wird mit einem praktischen 2-in-1-Bürstenaufsatz für eine vielseitige Reinigung geliefert.,USD,29.99,18.99,True,Packungen,2,VC50BEH; VC50BEH2,18.99; 25.99,2,https://ibuture.com/cdn/shop/files/1_5_6641ef9e-8d72-4726-ba93-c17946f87257.jpg?v=1742802704,Accessories,170,,site/de/products/vc50-blue-2-in-1-brush/index.html
8746480304383,vc50-blue-battery,Buture Ersatzakku für VC50 Blue Staubsauger,vc50-blue-battery,,Buture Official,variable,Zubehör,Staubsaugerzubehör,jsonld,meta_fallback,Verlängern Sie die Akkulaufzeit Ihres VC50 Red Handstaubsaugers mit diesem praktischen Akkuaufsatz. Länger saugen ohne Unterbrechungen!,USD,129.99,69.99,True,Packungen,3,VC50BDC1; VC50BDC2; VC50BDC1HP4,69.99; 89.99; 80.99,3,https://ibuture.com/cdn/shop/files/buture-replacement-battery-for-vc50-blue-vacuum.jpg?v=1775202355,Accessories,135,,site/de/products/vc50-blue-battery/index.html
8793240273151,vc50-blue-dust-cup,Buture Staubbecher für VC50 Blue Staubsauger,vc50-blue-dust-cup,,Buture Official,variable,Zubehör,Staubsaugerzubehör,jsonld,full,Mit dem VC50 Blue Stick-Staubsauger-Staubsaugeraufsatz können Sie mühelos Staub und Schmutz entfernen. Kompatibel mit den meisten Stabstaubsaugermodellen.,USD,49.99,22.99,True,Packungen,4,VC50BCB1; VC50BCB2; VC50BZJ1CB1; VC50BCB1BXG1,22.99; 39.99; 43.99; 40.99,4,https://ibuture.com/cdn/shop/files/1_12.jpg?v=1742802700,Accessories,108,,site/de/products/vc50-blue-dust-cup/index.html
8774512836863,vc50-blue-floor-brush,Buture Bodenbürste für VC50 Blue Staubsauger,vc50-blue-floor-brush,,Buture Official,variable,Zubehör,Staubsaugerzubehör,jsonld,full,Verbessern Sie Ihr Reinigungserlebnis mit dem VC50 Blue Handstaubsauger-Bodenbürstenaufsatz. Beseitigen Sie mühelos Schmutz und Ablagerungen auf jeder Bodenoberfläche.,USD,69.99,36.99,True,Packungen,3,VC50BDS1; VC50BDS2; VC50BDS1GS1,36.99; 59.99; 55.99,3,https://ibuture.com/cdn/shop/files/replacement-floor-brush-for-buture-vc50-vacuum_d1ced68a-b05f-466e-b13a-2d53c7c6aa88.jpg?v=1775636408,Accessories,223,,site/de/products/vc50-blue-floor-brush/index.html
8759278436607,vc50-blue-hepa-filter,Buture HEPA-Filter für VC50 Blue Vacuum,vc50-blue-hepa-filter,,Buture Official,variable,Zubehör,Staubsaugerzubehör,jsonld,full,Halten Sie Ihr Zuhause sauber mit dem Buture VC50 Blue Vacuum mit HEPA-Filter für maximale Effizienz (4 Stück im Lieferumfang enthalten).,USD,52.99,30.99,True,Packungen,3,VC50BHP4; VC50BHP8; VC50BDC1HP4,30.99; 59.99; 80.99,4,https://ibuture.com/cdn/shop/files/hepa-filters-for-vc50-vacuum-cleaner-image0707.jpg?v=1783405180,Accessories,152,,site/de/products/vc50-blue-hepa-filter/index.html
8793249808639,vc50-blue-stainless-steel-filter,Buture Edelstahlfilter für VC50 Staubsauger,vc50-blue-stainless-steel-filter,,Buture Official,variable,Zubehör,Staubsaugerzubehör,jsonld,full,Erweitern Sie Ihr Reinigungsarsenal mit dem Buture VC50 Blue Vacuum mit Edelstahlfilter für kraftvolle und effiziente Saugleistung.,USD,39.99,20.99,True,Packungen,3,VC50BBXG1; VC50BBXG2; VC50BBXG1CB1,20.99; 34.99; 40.99,4,https://ibuture.com/cdn/shop/files/1_19.jpg?v=1742802699,Accessories,59,,site/de/products/vc50-blue-stainless-steel-filter/index.html
8895339888895,vc50-blue-vacuum-roller-brush,Buture Walzenbürste für VC50 Blue Staubsauger,vc50-blue-vacuum-roller-brush,,Buture Official,variable,Zubehör,Staubsaugerzubehör,jsonld,full,Verbessern Sie die Reinigungsleistung Ihres VC50 Blue Stabstaubsaugers mit diesem Rollenbürstenaufsatz. Entfernt effizient Schmutz und Ablagerungen von Ihren Böden.,USD,39.99,20.99,True,Packungen | Material,4,VC50BGSY; VC50BGSR; VC50BDS1GSY1; VC50BDS1GSR1,20.99; 20.99; 55.99; 55.99,3,https://ibuture.com/cdn/shop/files/1e90bf50ff2db91079b1e4263aa3f0a2.jpg?v=1742802764,Accessories,335,,site/de/products/vc50-blue-vacuum-roller-brush/index.html
8793192530175,vc50-red-2-in-1-brush,Buture 2-in-1-Bürste für VC50 Staubsauger,vc50-red-2-in-1-brush,,Buture Official,variable,Zubehör,Staubsaugerzubehör,jsonld,meta_fallback,Erleben Sie eine kraftvolle Reinigung mit dem VC50 Red Stabstaubsauger und seinem praktischen 2-in-1-Bürstenaufsatz. Reinigen Sie mühelos jede Oberfläche.,USD,29.99,18.99,True,Packungen,2,VC50REH; VC50REH2,18.99; 25.99,2,https://ibuture.com/cdn/shop/files/ce00f039cc189765c7da7e7998d0fdf3.jpg?v=1742802713,Accessories,154,,site/de/products/vc50-red-2-in-1-brush/index.html
8742591365375,vc50-red-battery,Buture Ersatzakku für VC50 Red Staubsauger,vc50-red-battery,,Buture Official,variable,Zubehör,Staubsaugerzubehör,jsonld,meta_fallback,Verlängern Sie die Akkulaufzeit Ihres VC50-Handstaubsaugers mit diesem praktischen Akkuaufsatz. Länger saugen ohne Unterbrechungen!,USD,129.99,69.99,True,Packungen,3,VC50RDC1; VC50RDC2; VC50RDC1HP4,69.99; 89.99; 80.99,3,https://ibuture.com/cdn/shop/files/VC50RedBattery.jpg?v=1775202411,Accessories,131,,site/de/products/vc50-red-battery/index.html
8774418268415,vc50-red-dust-cup,Buture Staubbecher für VC50 Red Staubsauger,vc50-red-dust-cup,,Buture Official,variable,Zubehör,Staubsaugerzubehör,jsonld,full,Verbessern Sie Ihre Reinigungsroutine mit dem roten Handstaubsauger-Aufsatz VC50. Einfach anzubringen für eine schnelle und effiziente Staubentfernung.,USD,49.99,22.99,True,Packungen,4,VC50RCB1; VC50RCB2; VC50RZJ1CB1; VC50RCB1BXG1,22.99; 39.99; 78.99; 40.99,4,https://ibuture.com/cdn/shop/files/21632e912181c5deb6bdd18e16e70810.jpg?v=1742802775,Accessories,109,,site/de/products/vc50-red-dust-cup/index.html
8774509953279,vc50-red-floor-brush,Buture Bodenbürste für VC50 Red Staubsauger,vc50-red-floor-brush,,Buture Official,variable,Zubehör,Staubsaugerzubehör,jsonld,full,Verbessern Sie Ihr Reinigungserlebnis mit dem roten Handstaubsauger-Bodenbürstenaufsatz VC50. Beseitigen Sie mühelos Schmutz und Ablagerungen auf jeder Bodenoberfläche.,USD,69.99,36.99,True,Packungen,3,VC50RDS1; VC50RDS2; VC50RDS1GS1,36.99; 59.99; 55.99,3,https://ibuture.com/cdn/shop/files/34ee73f065ccb5d43a4751c960e8908c.jpg?v=1774000635,Accessories,210,,site/de/products/vc50-red-floor-brush/index.html
8759281123583,vc50-red-hepa-filter,Buture HEPA-Filter für VC50 Red Vacuum,vc50-red-hepa-filter,,Buture Official,variable,Zubehör,Staubsaugerzubehör,jsonld,full,Verbessern Sie die Luftqualität mit Buture VC50 Red Vacuum mit HEPA-Filter. Enthält 4 Teile für optimale Reinigungsleistung.,USD,52.99,30.99,True,Packungen,3,VC50RHP4; VC50RHP8; VC50RDC1HP4,30.99; 59.99; 80.99,4,https://ibuture.com/cdn/shop/files/hepa-filters-for-vc50-vacuum-cleaner-image0707.jpg?v=1783405180,Accessories,137,,site/de/products/vc50-red-hepa-filter/index.html
8790325395711,vc50-red-roller-brush,Buture Walzenbürste für VC50 Red Staubsauger,vc50-red-roller-brush,,Buture Official,variable,Zubehör,Staubsaugerzubehör,jsonld,full,Verbessern Sie die Reinigungsleistung mit dem roten Handstaubsauger-Rollenbürstenaufsatz VC50 für eine mühelose Schmutzentfernung.,USD,39.99,20.99,True,Packungen,3,VC50RGS1; VC50RGS2; VC50RDS1GS1,20.99; 36.99; 55.99,3,https://ibuture.com/cdn/shop/files/1e90bf50ff2db91079b1e4263aa3f0a2.jpg?v=1742802764,Accessories,160,,site/de/products/vc50-red-roller-brush/index.html
8740325490943,vc60-2-in-1-brush,Buture 2-in-1-Bürste für VC60 Staubsauger,vc60-2-in-1-brush,,Buture Official,variable,Zubehör,Staubsaugerzubehör,jsonld,meta_fallback,Reinigen Sie schwer zugängliche Stellen ganz einfach mit dem 2-in-1-Bürstenaufsatz des VC60-Stabstaubsaugers. Befreien Sie sich mühelos von Schmutz und Staub.,USD,29.99,18.99,True,Packungen,2,VC60EH; VC60EH2,18.99; 25.99,2,https://ibuture.com/cdn/shop/files/7_9fc0f28a-8061-4ce5-8289-f24a8059146e.jpg?v=1742802823,Accessories,158,,site/de/products/vc60-2-in-1-brush/index.html
8746487349503,vc60-battery,Buture Ersatzakku für VC60 Staubsauger,vc60-battery,,Buture Official,variable,Zubehör,Staubsaugerzubehör,jsonld,meta_fallback,Kraftvoll Buture VC60-Vakuumbatterie für effiziente Reinigung. Leichtes Design und langlebiger Akku für schnelle und bequeme Nutzung.,USD,129.99,69.99,True,Packungen,3,VC60DC1; VC60DC2; VC60DC1HP4,69.99; 89.99; 80.99,3,https://ibuture.com/cdn/shop/files/1_7b94a418-7b64-4013-b907-7548d31de60b.jpg?v=1775202318,Accessories,133,,site/de/products/vc60-battery/index.html
8740323557631,vc60-floor-brush,Buture Bodenbürste für VC60 Staubsauger,vc60-floor-brush,,Buture Official,variable,Zubehör,Staubsaugerzubehör,jsonld,full,Verbessern Sie Ihr Reinigungserlebnis mit dem VC60-Stabstaubsauger-Bodenbürstenaufsatz für eine effiziente und effektive Bodenreinigung.,USD,69.99,36.99,True,Packungen,3,VC60DS1; VC60DS2; VC60DS1GS1,36.99; 59.99; 55.99,3,https://ibuture.com/cdn/shop/files/9_446c30c5-ad4b-4e2b-8cab-3625f03f5312.jpg?v=1774000676,Accessories,49,,site/de/products/vc60-floor-brush/index.html
8716314476799,vc60-hepa-filter,Buture HEPA-Filter für VC60 Staubsauger,vc60-hepa-filter,,Buture Official,variable,Zubehör,Staubsaugerzubehör,jsonld,full,"Halten Sie Ihr Zuhause frisch und sauber mit unseren 4 HEPA-Filtern und 2 Schwammfiltern. Atmen Sie beruhigt in dem Wissen, dass Sie den besten Schutz haben.",USD,52.99,30.99,True,Packungen,3,VC60HP4; VC60HP8; VC60DC1HP4,30.99; 59.99; 80.99,3,https://ibuture.com/cdn/shop/files/12-_1.png?v=1742802837,Accessories,120,,site/de/products/vc60-hepa-filter/index.html
8740321263871,vc60-roller-brush,Buture Walzenbürste für VC60 Staubsauger,vc60-roller-brush,,Buture Official,variable,Zubehör,Staubsaugerzubehör,jsonld,meta_fallback,Verbessern Sie die Reinigungsleistung Ihres VC60 Stabstaubsaugers mit diesem Rollenbürstenaufsatz. Einfache Anbringung und gründliche Reinigung.,USD,39.99,20.99,True,Material | Packungen,6,VC60GSY1; VC60GSY2; VC60DS1GSY1; VC60GSR1; VC60GSR2; VC60DS1GSR1,20.99; 36.99; 55.99; 20.99; 36.99; 55.99,5,https://ibuture.com/cdn/shop/files/5_c728be40-d51a-4585-979f-d05db70408dd.jpg?v=1742802831,Accessories,144,,site/de/products/vc60-roller-brush/index.html
8793323700479,vc70-2-in-1-brush,Buture 2-in-1-Bürste für VC70 Staubsauger,vc70-2-in-1-brush,,Buture Official,variable,Zubehör,Staubsaugerzubehör,jsonld,meta_fallback,Der VC70 Stabstaubsauger mit 2-in-1-Bürstenaufsatz bekämpft problemlos Schmutz und Ablagerungen und sorgt jedes Mal für eine gründliche Reinigung.,USD,29.99,18.99,True,Packungen,2,VC70EH; VC70EH2,18.99; 25.99,2,https://ibuture.com/cdn/shop/files/9_d68b2470-354f-4f78-9a18-8316c9727f7c.jpg?v=1742802684,Accessories,146,,site/de/products/vc70-2-in-1-brush/index.html
8748913819903,vc70-battery,Buture Ersatzakku für VC70 Staubsauger,vc70-battery,,Buture Official,variable,Zubehör,Staubsaugerzubehör,jsonld,full,Die Buture Der Staubsauger VC70 ist eine leistungsstarke batteriebetriebene Reinigungslösung für Ihr Zuhause oder Ihr Auto. Verabschieden Sie sich mühelos von Staub und Schmutz.,USD,129.99,69.99,True,Packungen,3,VC70DC1; VC70DC2; VC70DC1HP3,69.99; 89.99; 80.99,3,https://ibuture.com/cdn/shop/files/1_0acb5e1a-69dd-4d96-986a-4322938eed55.jpg?v=1775202263,Accessories,39,,site/de/products/vc70-battery/index.html
8759292592383,vc70-dust-cup,Buture Staubbecher für VC70 Staubsauger,vc70-dust-cup,,Buture Official,variable,Zubehör,Staubsaugerzubehör,jsonld,meta_fallback,Halten Sie Ihren Wohnraum sauber mit dem Buture VC70 Staubsauger mit praktischem Staubbecher zur einfachen Entsorgung.,USD,49.99,22.99,True,Packungen,4,VC70CB1; VC70CB2; VC70ZJ1CB1; VC70BXG1CB1,22.99; 39.99; 78.99; 40.99,4,https://ibuture.com/cdn/shop/files/3_b770f477-4e2a-4f6e-8568-2867e7a8846a.jpg?v=1742802782,Accessories,118,,site/de/products/vc70-dust-cup/index.html
8759276962047,vc70-floor-brush,Buture Bodenbürste für VC70 Staubsauger,vc70-floor-brush,,Buture Official,variable,Zubehör,Staubsaugerzubehör,jsonld,full,Verbessern Sie die Reinigungsleistung Ihres VC70-Handstaubsaugers mit diesem Bodenbürstenaufsatz. Entwickelt für die mühelose Aufnahme von Schmutz.,USD,69.99,36.99,True,Packungen,3,VC70DS1; VC70DS2; VC70DS1GS1,36.99; 59.99; 55.99,3,https://ibuture.com/cdn/shop/files/8_7a1fff0f-fe0e-4af4-b069-07f53bab058a.jpg?v=1774000655,Accessories,258,,site/de/products/vc70-floor-brush/index.html
8759276437759,vc70-hepa-filter,Buture HEPA-Filter für VC70 Staubsauger,vc70-hepa-filter,,Buture Official,variable,Zubehör,Staubsaugerzubehör,jsonld,full,Halten Sie Ihr Zuhause sauber und frisch mit dem Buture VC70 Staubsauger mit drei hochwertigen HEPA-Filtern für maximale Effizienz.,USD,49.99,29.99,True,Pack,4,VC70HP3; VC70HP6; VC70HP9; VC70DC1HP3,29.99; 49.99; 69.99; 80.99,3,https://ibuture.com/cdn/shop/files/11-_3_ebfbf399-47d7-4407-a09d-182993c608f3.jpg?v=1742802800,Accessories,168,,site/de/products/vc70-hepa-filter/index.html
8793308397823,vc70-roller-brush,Buture Walzenbürste für VC70 Staubsauger,vc70-roller-brush,,Buture Official,variable,Zubehör,Staubsaugerzubehör,jsonld,full,Verbessern Sie die Reinigungsleistung Ihres VC70 Stabstaubsaugers mit diesem Rollenbürstenaufsatz für eine gründliche und gründliche Reinigung.,USD,39.99,20.99,True,Packungen,3,VC70GS1; VC70GS2; VC70DS1GS1,20.99; 36.99; 55.99,3,https://ibuture.com/cdn/shop/files/5_c80ed0fe-6dd2-4768-a74b-d42b4513135c.jpg?v=1742802689,Accessories,168,,site/de/products/vc70-roller-brush/index.html
8793370132735,vc80-2-in-1-brush,Buture 2-in-1-Bürste für VC80 Staubsauger,vc80-2-in-1-brush,,Buture Official,variable,Zubehör,Staubsaugerzubehör,jsonld,meta_fallback,Reinigen Sie mühelos jede Ecke mit dem 2-in-1-Bürstenaufsatz des VC80 Akku-Staubsaugers. Verabschieden Sie sich von Schmutz und Staub!,USD,29.99,18.99,True,Packungen,2,VC80EH; VC80EH2,18.99; 25.99,2,https://ibuture.com/cdn/shop/files/9f2d2b9ec2af9231c82f6f9519a8261a.png?v=1742802676,Accessories,134,,site/de/products/vc80-2-in-1-brush/index.html
8740335911167,vc80-battery,Buture Ersatzakku für VC80 Staubsauger,vc80-battery,,Buture Official,variable,Zubehör,Staubsaugerzubehör,jsonld,meta_fallback,Verbessern Sie Ihre Reinigungsroutine mit dem Buture VC80-Staubsauger mit leistungsstarkem Akku für kabellosen Komfort.,USD,129.99,69.99,True,Packungen,3,VC80DC1; VC80DC2; VC80DC1HP3,69.99; 89.99; 80.99,3,https://ibuture.com/cdn/shop/files/1_60866afa-9f9c-46fc-8caf-fb50678f0ca7.png?v=1775202620,Accessories,119,,site/de/products/vc80-battery/index.html
8793359941887,vc80-dust-cup,Buture Staubbecher für VC80 Staubsauger,vc80-dust-cup,,Buture Official,variable,Zubehör,Staubsaugerzubehör,jsonld,meta_fallback,Halten Sie Ihren Raum sauber und ordentlich mit dem Buture VC80 Vakuum. Ausgestattet mit einem praktischen Staubbecher zur einfachen Entsorgung von Schmutz und Ablagerungen.,USD,49.99,22.99,True,Packungen,4,VC80CB1; VC80CB2; VC80ZJ1CB1; VC80BXG1CB1,22.99; 39.99; 78.99; 40.99,4,https://ibuture.com/cdn/shop/files/484eacd4c8e88883ca44675021e6ba83_3fdf59fb-64a9-4336-8209-b22b7beed9e5.png?v=1742802680,Accessories,173,,site/de/products/vc80-dust-cup/index.html
8793366528255,vc80-floor-brush,Buture Bodenbürste für VC80 Staubsauger,vc80-floor-brush,,Buture Official,variable,Zubehör,Staubsaugerzubehör,jsonld,full,Verbessern Sie Ihr Reinigungserlebnis mit dem kabellosen Bodenbürstenaufsatz VC80. Fegen Sie mühelos Schmutz und Ablagerungen auf und sorgen Sie für ein makelloses Zuhause.,USD,69.99,36.99,True,Packungen,3,VC80DS1; VC80DS2; VC80DS1GS1,36.99; 59.99; 55.99,3,https://ibuture.com/cdn/shop/files/98589762825f72e4eaa7b0b80118158c_c52be838-2311-4f81-9781-a36947f883bd.png?v=1774000201,Accessories,277,,site/de/products/vc80-floor-brush/index.html
8762877673727,vc80-hepa-filter,Buture HEPA-Filter für VC80 Staubsauger,vc80-hepa-filter,,Buture Official,variable,Zubehör,Staubsaugerzubehör,jsonld,full,Halten Sie Ihr Zuhause sauber und allergenfrei mit dem Buture VC80 Akku-Staubsauger mit einer Packung mit 3 HEPA-Filtern für maximale Filtereffizienz.,USD,50.99,29.99,True,Pack,4,VC80HP3; VC80HP6; VC80HP9; VC80DC1HP3,29.99; 49.99; 69.99; 80.99,3,https://ibuture.com/cdn/shop/files/11-_3_ebfbf399-47d7-4407-a09d-182993c608f3.jpg?v=1742802800,Accessories,168,,site/de/products/vc80-hepa-filter/index.html
8793373868287,vc80-roller-brush,Buture Walzenbürste für VC80 Staubsauger,vc80-roller-brush,,Buture Official,variable,Zubehör,Staubsaugerzubehör,jsonld,full,Erhöhen Sie die Reinigungseffizienz mit dem Buture VC80 Vakuumwalzenbürste. Halten Sie Ihre Böden mit diesem unverzichtbaren Zubehör makellos.,USD,40.99,20.99,True,Packungen,3,VC80GS1; VC80GS2; VC80DS1GS1,20.99; 36.99; 55.99,3,https://ibuture.com/cdn/shop/files/5_cbfe7c84-a9d1-4797-8c76-679903757cc1.jpg?v=1742802675,Accessories,239,,site/de/products/vc80-roller-brush/index.html
8968383365375,x9-vacuum-battery,Buture Ersatzakku für X9 Vakuum,x9-vacuum-battery,,Buture Official,variable,Zubehör,Staubsaugerzubehör,jsonld,meta_fallback,Verbessern Sie die Reinigungsfunktionen mit dem X9 Akku-Aufsatz für Akku-Staubsauger. Halten Sie Ihren Raum mühelos makellos.,USD,149.99,69.99,True,Packungen,3,X9DC1; X9DC2; X9DC1HP3,69.99; 89.99; 80.99,3,https://ibuture.com/cdn/shop/files/1_aac22e9f-c5c7-4333-8a4f-a9597808e034.jpg?v=1775202085,Accessories,125,,site/de/products/x9-vacuum-battery/index.html
8968436154623,x9-vacuum-crevice-nozzle,Buture Fugendüse für X9 Vakuum,x9-vacuum-crevice-nozzle,X9CBX,Buture Official,simple,Zubehör,Staubsaugerzubehör,jsonld,meta_fallback,"Reinigen Sie enge und schmale Räume effizient mit dem X9 Lange Fugendüse für Staubsauger. Perfekt, um alle schwer zugänglichen Stellen zu erreichen.",USD,39.99,19.99,True,,1,X9CBX,19.99,2,https://ibuture.com/cdn/shop/files/8_6d186e00-7341-4041-982a-c477b6d334aa.jpg?v=1742802564,Accessories,148,,site/de/products/x9-vacuum-crevice-nozzle/index.html
8968428421375,x9-vacuum-dust-cup,Buture Staubbecher für X9 Vakuum,x9-vacuum-dust-cup,,Buture Official,variable,Zubehör,Staubsaugerzubehör,jsonld,meta_fallback,Verbessern Sie Ihre Reinigungseffizienz mit dem X9 Staubsauger-Staubbecheraufsatz. Entfernen Sie mühelos Staub und Schmutz von schwer zugänglichen Stellen.,USD,49.99,22.99,True,Packs,3,X9CB1; X9BXG1CB1; X9ZJ1CB1,22.99; 40.99; 80.99,4,https://ibuture.com/cdn/shop/files/5_f27f2088-34e8-4d82-8cbe-c39050acde7e.jpg?v=1742802570,Accessories,155,,site/de/products/x9-vacuum-dust-cup/index.html
8968425799935,x9-vacuum-floor-brush,Buture Bodenbürste für X9 Vakuum,x9-vacuum-floor-brush,,Buture Official,variable,Zubehör,Staubsaugerzubehör,jsonld,meta_fallback,Verbessern Sie Ihr Reinigungsspiel mit dem X9 Bodenbürstenaufsatz für Staubsauger. Erzielen Sie jedes Mal mühelos eine makellose Oberfläche.,USD,69.99,36.99,True,Packungen,3,X9DS1; X9DS2; X9DS1GS1,36.99; 59.99; 55.99,3,https://ibuture.com/cdn/shop/files/3_bae4bef2-4be5-4a2b-92fe-e25011933875.jpg?v=1774000101,Accessories,140,,site/de/products/x9-vacuum-floor-brush/index.html
8968420196607,x9-vacuum-hepa-filter,Buture HEPA-Filter für X9 Vakuum,x9-vacuum-hepa-filter,,Buture Official,variable,Zubehör,Staubsaugerzubehör,jsonld,full,Erleben Sie erstklassige Reinigung mit dem Buture X9 Staubsauger mit einem Satz von 3 Premium-HEPA-Filtern für ultimative Filtereffizienz.,USD,58.99,29.99,True,Packungen,4,X9HP3; X9HP6; X9HP9; X9DC1HP3,29.99; 49.99; 69.99; 80.99,3,https://ibuture.com/cdn/shop/files/2_a692d5a3-3e8a-4cc4-8ead-dc41aaa60d3a.jpg?v=1742802574,Accessories,125,,site/de/products/x9-vacuum-hepa-filter/index.html
8968443363583,x9-vacuum-main-body,Buture Hauptteil für X9 Vakuum,x9-vacuum-main-body,,Buture Official,variable,Zubehör,Staubsaugerzubehör,jsonld,meta_fallback,Verbessern Sie Ihr Reinigungserlebnis mit dem X9 Hauptkörperaufsatz für Akku-Staubsauger. Mit diesem vielseitigen Werkzeug können Sie jedes Chaos problemlos beseitigen.,USD,109.99,62.99,True,Packs,2,X9ZJ1; X9ZJ1CB1,62.99; 80.99,3,https://ibuture.com/cdn/shop/files/main-body-for-buture-x9-vacuum.jpg?v=1787734088,Accessories,168,,site/de/products/x9-vacuum-main-body/index.html
8968427405567,x9-vacuum-roller-brush,Buture Walzenbürste für X9 Vakuum,x9-vacuum-roller-brush,,Buture Official,variable,Zubehör,Staubsaugerzubehör,jsonld,meta_fallback,Verbessern Sie die Reinigungskraft Ihres X9 Staubsauger mit diesem Rollenbürstenaufsatz. Perfekt zum Entfernen von Schmutz und Ablagerungen von Teppichen und Böden.,USD,42.99,20.99,True,Packungen,3,X9GS1; X9GS2; X9DS1GS1,20.99; 36.99; 55.99,3,https://ibuture.com/cdn/shop/files/4_9d44af27-2e8a-4ec7-9007-bb090898a387.jpg?v=1742802571,Accessories,164,,site/de/products/x9-vacuum-roller-brush/index.html
8968433729791,x9-vacuum-stainless-steel-filter,Buture Edelstahlfilter für X9 Vakuum,x9-vacuum-stainless-steel-filter,,Buture Official,variable,Zubehör,Staubsaugerzubehör,jsonld,meta_fallback,Verbessern Sie Ihre Reinigungsroutine mit dem X9 Kabelloser Staubsauger mit Filteraufsatz aus Edelstahl. Fängt Schmutz und Staub effizient ein und sorgt für ein makelloses Zuhause.,USD,39.99,20.99,True,Packs,2,X9BXG1; X9BXG1CB1,20.99; 40.99,3,https://ibuture.com/cdn/shop/files/6_f192121a-b089-4090-abec-800abb61744b.jpg?v=1742802567,Accessories,180,,site/de/products/x9-vacuum-stainless-steel-filter/index.html
8968434450687,x9-vacuum-telescopic-tube,Buture Teleskoprohr für X9 Vakuum,x9-vacuum-telescopic-tube,X9SS,Buture Official,simple,Zubehör,Staubsaugerzubehör,jsonld,meta_fallback,Verbessern Sie Ihr Reinigungserlebnis mit dem X9 Teleskoprohraufsatz für Akku-Staubsauger. Entwickelt für ultimativen Komfort und Effizienz.,USD,39.99,23.99,True,,1,X9SS,23.99,2,https://ibuture.com/cdn/shop/files/7_3921e730-f7db-4dc5-8200-3343b56f8407.jpg?v=1742802565,Accessories,140,,site/de/products/x9-vacuum-telescopic-tube/index.html
8968447754495,x9-vacuum-wall-mount,Buture Wandhalterung für X9 Vakuum,x9-vacuum-wall-mount,X9BG,Buture Official,simple,Zubehör,Staubsaugerzubehör,jsonld,meta_fallback,Die X9 Die Staubsauger-Wandhalterung ist die ultimative platzsparende Lösung für die Aufbewahrung Ihrer Reinigungsutensilien. Ein Muss für jedes organisierte Zuhause.,USD,39.99,20.99,True,,1,X9BG,20.99,2,https://ibuture.com/cdn/shop/files/10_cc278aed-b127-4503-836b-20d2b5cb1040.jpg?v=1742802560,Accessories,166,,site/de/products/x9-vacuum-wall-mount/index.html
